ITL1 Region,LA code,LA name,1998,1999,2000,2001,2002,2003,2004,2005,2006,2007,2008,2009,2010,2011,2012,2013,2014,2015,2016,2017,2018,2019,2020,2021,2022
North East,E06000001,Hartlepool,10001,10574,10773,10846,11459,12061,12533,13001,13558,14211,14474,14041,14359,14926,15268,15726,15504,16358,17647,17841,17552,17905,17986,17512,18951
North East,E06000004,Stockton-on-Tees,15843,16434,16793,16942,17741,18936,20397,20992,22399,23541,23716,24227,24216,24348,24563,25381,26137,27614,27989,27572,28059,29573,29017,31393,33544
North East,E06000002,Middlesbrough,11804,12407,12836,13083,13699,14628,15851,16898,17941,18511,19024,19257,19001,19588,19881,19824,20335,21102,21907,22988,24478,24294,22102,24821,26247
North East,E06000003,Redcar and Cleveland,10394,10657,10982,10860,11244,12323,12570,12916,13149,13429,14307,13960,14676,15035,15193,15366,15981,16463,16046,15109,15777,16199,15801,16091,17727
North East,E06000005,Darlington,16876,17542,18910,20040,21204,22441,23831,23541,23698,23198,24147,22607,23303,23992,24238,24517,27011,28498,27123,27017,26832,26554,24184,26372,27730
North East,E06000047,County Durham,10831,11427,11793,12183,12809,13638,14639,15197,16096,16667,17136,17099,17243,17199,17592,17802,17873,18143,18274,18838,19812,20565,20278,21603,23169
North East,E06000057,Northumberland,11303,11400,11627,12084,12920,13360,14258,14773,15472,15802,16162,15663,16202,16723,16954,17127,17648,18027,18594,19030,19356,20306,18874,20173,22656
North East,E08000021,Newcastle upon Tyne,17229,17428,18222,19730,21168,22358,24640,25961,27321,27559,27596,27133,27992,29081,30008,30111,30640,32387,33199,34639,34365,35311,32164,36424,39702
North East,E08000022,North Tyneside,12170,12500,12756,13790,15159,15785,17046,17732,18160,18595,19131,18296,18829,19495,20016,20071,20874,21754,22471,24343,25266,25424,23875,25800,28688
North East,E08000023,South Tyneside,8517,8647,8932,9290,9741,10248,11098,11659,12164,12402,12714,11954,12556,13097,14335,14619,15414,15450,15011,15285,15411,16022,14357,15950,16624
North East,E08000037,Gateshead,14976,15249,15784,16572,17608,18395,19931,21051,22029,22348,22120,21015,21797,22838,23375,22309,22553,22765,23327,23629,24040,26359,23206,26175,27287
North East,E08000024,Sunderland,13561,13508,14138,14995,16167,16961,18664,19641,20685,20934,21597,21758,21779,22308,22937,24932,25711,26479,26854,28214,28192,29667,26179,27304,29623
North West,E06000063,Cumberland,15494,16451,15947,16271,16927,17822,17953,19223,20400,20717,22221,21656,22326,22068,22584,23954,25226,25714,25531,25601,25462,26236,23368,25043,27305
North West,E06000064,Westmorland and Furness,14852,15023,15578,15455,16659,17920,18701,19029,20465,21254,22437,21691,22356,22725,24027,24329,25361,26666,27151,28628,28908,30948,28887,31200,33242
North West,E08000003,Manchester,23003,24263,24630,26338,27566,28511,30279,31868,33480,34941,35085,35479,36072,35872,37281,38025,38987,40330,42086,45744,46927,49888,48127,53214,59136
North West,E08000006,Salford,16450,17419,17754,18828,19631,20547,22261,23866,25008,26126,26198,25769,26046,26164,27611,29888,31504,31413,30339,30903,32705,33923,34685,36854,39925
North West,E08000009,Trafford,21974,23201,24358,26089,27380,28327,29127,30271,31402,32590,32968,31755,31919,32110,32947,34178,34603,36780,38091,40320,42304,43030,42828,46572,49997
North West,E08000007,Stockport,13984,14818,15437,16119,16863,17697,18473,19332,20203,21197,21875,21908,22046,21948,22708,22979,22959,22989,23866,25468,26344,26536,26810,28197,31361
North West,E08000008,Tameside,10453,11126,11520,11853,12305,12737,13115,13923,14268,14839,14880,14551,14787,15059,15448,15952,16411,16535,16406,17397,17661,17719,17432,17943,18977
North West,E08000001,Bolton,12776,13345,13462,14191,14590,15129,15902,16761,17378,17983,17874,17808,18093,18274,19042,19875,20228,20906,21489,22326,23380,23139,23501,24518,25965
North West,E08000010,Wigan,10534,11074,11482,12029,12428,12902,13370,13970,14451,14939,14618,14121,14356,14627,15154,16067,16490,17453,17895,18516,18687,18557,18633,19993,21487
North West,E08000002,Bury,11287,11846,12251,12872,13640,14195,14844,15557,16211,16929,16921,16512,16937,17243,17788,18256,18053,18964,19244,19540,19965,21073,20661,21342,22333
North West,E08000004,Oldham,10766,11294,11609,11988,12495,12814,13522,14242,14792,15312,15519,15075,15357,15667,15936,16448,17100,17699,17978,19195,19231,19957,18631,19599,21258
North West,E08000005,Rochdale,11334,11993,12223,12692,13068,13468,14153,14727,14998,15674,15644,15277,15813,16010,16953,17529,17727,18110,18163,18484,19142,19767,19083,20025,21779
North West,E06000008,Blackburn with Darwen,12552,13172,13328,13603,14178,15188,15844,16166,16507,17159,17562,16849,17649,18222,19068,19543,20440,21521,22342,22605,22927,23410,22763,25280,28019
North West,E06000009,Blackpool,10394,10826,11085,11630,12282,13262,14223,14725,15113,15460,15585,14938,15798,16215,16624,16871,17581,18414,19346,20415,21324,22927,21483,22815,25725
North West,E07000121,Lancaster,13234,13559,13308,13606,14665,16208,17275,18562,19781,20625,20886,18761,18693,18964,19590,20914,21223,22531,22443,22832,22956,24054,23818,24594,26739
North West,E07000128,Wyre,9777,10189,10390,10560,11050,11974,12476,12665,12834,13099,13590,12963,13516,14083,14477,15013,15538,17624,17966,17998,18692,19363,17389,18940,20801
North West,E07000119,Fylde,25339,27487,28992,30547,30720,33163,36086,37704,37910,39122,39882,36296,35471,35483,36050,36492,33248,35202,37508,38828,35963,36847,33704,36146,38158
North West,E07000123,Preston,18610,19537,20108,21019,22319,23730,24833,25213,25766,26869,26526,26600,27652,27825,29158,28762,30210,31627,33692,33653,33972,34683,31607,34518,36831
North West,E07000124,Ribble Valley,21219,22212,22793,23618,24140,25831,27470,28196,28390,28890,29351,26465,26495,28346,29340,31956,33106,34009,32474,33079,32731,30271,31876,36886,36135
North West,E07000126,South Ribble,20320,20630,21316,21567,22604,24289,25292,25684,25454,27349,27880,25934,26534,27411,28441,29943,32366,33845,35209,36210,35757,36650,37346,41245,46023
North West,E07000117,Burnley,12548,13346,13738,14094,14618,15756,16584,17222,17836,18758,19050,18328,19398,20113,20958,20985,22030,22025,22959,23691,25195,24694,23657,25614,27341
North West,E07000120,Hyndburn,11604,12254,12047,12311,12869,13395,14132,14565,14872,15736,16283,15545,16377,17188,18063,18493,18954,19476,20910,21046,19459,20492,19158,21299,22457
North West,E07000122,Pendle,13699,14658,14891,15175,15565,16757,17741,18525,18766,19120,18915,16748,17211,18183,18582,18201,18876,19157,20067,20803,21977,21787,19724,21459,21981
North West,E07000125,Rossendale,11122,11474,11703,11814,12444,13293,13855,14041,14267,14770,14873,14348,14962,15515,15309,15774,16715,17578,17396,17367,17240,17843,16318,18355,20094
North West,E07000118,Chorley,11815,12309,12728,13242,14053,14876,15462,15688,15976,16657,17050,16439,17279,17460,17615,17613,18052,18656,19396,19559,20295,22195,20531,23494,25248
North West,E07000127,West Lancashire,13257,13858,14012,14331,15134,16039,16945,17133,17434,18258,18820,18688,19548,20114,20154,20338,21531,21808,23735,24798,25508,26706,25662,28252,30826
North West,E06000007,Warrington,21211,21588,22604,24659,25687,26540,27504,29027,30122,31450,30906,29138,29781,30424,31181,32573,34139,35755,37320,39851,40098,42689,42004,45238,48417
North West,E06000049,Cheshire East,18721,19709,20464,23505,24165,23337,25792,27186,28928,29354,28996,28072,29242,30735,32129,32824,34592,35880,38747,38418,39285,40182,38429,38127,41538
North West,E06000050,Cheshire West and Chester,17154,18500,18309,19856,20253,21572,22218,23042,24594,26224,26522,27350,28863,28788,29154,30055,31357,30571,31756,33849,34093,35751,32766,36368,40660
North West,E06000006,Halton,19900,20965,21990,22586,23389,25248,25438,26618,28658,27657,29330,29547,30298,30602,29163,30548,32272,33341,33277,34373,35631,36993,34146,37200,40632
North West,E08000011,Knowsley,12333,12636,12776,13613,14131,15133,15782,15802,16690,17413,18163,17835,19408,20172,20827,22629,23662,24395,25923,27498,26752,27752,26142,29611,29380
North West,E08000013,St. Helens,10464,11324,11826,12402,13133,13807,14445,14894,15886,16423,16478,16131,17007,17001,16413,16820,17390,17632,17839,17949,18296,18736,17471,19710,20430
North West,E08000012,Liverpool,14457,15424,16407,17567,18509,20264,21463,22423,24356,24338,25465,26284,26646,26805,26341,26834,28129,28583,28755,29742,30099,32405,31113,34545,37449
North West,E08000014,Sefton,8737,9376,9696,10288,11031,11765,12429,12846,13634,13873,14351,14430,15018,14893,14838,15236,15728,16155,16684,17386,17838,18085,17908,19944,21264
North West,E08000015,Wirral,9402,10123,10446,11060,11690,12516,13343,13586,14313,14528,14933,14855,15286,15553,15653,16117,16684,17426,17285,18077,18485,19495,19542,20555,22340
Yorkshire and The Humber,E06000010,"Kingston upon Hull, City of",13128,13731,14750,15572,16645,17791,18167,18830,20514,21454,23406,23289,22440,21901,22044,22173,22306,23241,23839,24636,25409,25754,22970,26905,29240
Yorkshire and The Humber,E06000011,East Riding of Yorkshire,13590,13532,14005,14539,15498,16336,17328,17878,18776,18942,19079,18126,17826,18053,18532,19257,20139,21045,21414,22392,23747,24595,23239,26780,29347
Yorkshire and The Humber,E06000012,North East Lincolnshire,12595,12982,13518,14051,14562,15280,15871,16509,17314,18451,18722,18404,18202,18935,19124,19923,21198,22169,22281,22991,23042,24132,24087,27788,30088
Yorkshire and The Humber,E06000013,North Lincolnshire,16657,16427,17055,17691,18042,20019,21267,22145,21599,24162,25591,23044,24532,22819,22850,23590,23933,26312,27054,29131,28764,33420,29101,37984,43538
Yorkshire and The Humber,E06000014,York,19354,20194,20971,21978,23609,24884,26596,27227,27411,28800,28727,27389,27959,28663,29137,29265,29982,30516,31966,33860,34667,34948,33118,36795,40828
Yorkshire and The Humber,E06000065,North Yorkshire,15054,15356,15944,16586,17922,18809,19490,20065,20960,21960,22265,21511,21661,22668,22969,23882,24450,24898,25909,27474,27696,28762,27188,30474,32886
Yorkshire and The Humber,E08000016,Barnsley,10505,10627,11042,11517,11963,12659,13467,13861,14337,15236,14842,14107,14687,15227,15684,16194,16895,17294,17477,18216,18911,19538,18900,20650,22147
Yorkshire and The Humber,E08000017,Doncaster,10811,11069,11443,11950,12506,13238,14167,14533,15333,16224,16118,15120,15686,15950,16338,16763,17787,19063,19454,21241,21420,22025,21390,22895,24968
Yorkshire and The Humber,E08000018,Rotherham,11389,11576,12044,12550,13188,13919,14461,14994,15481,16521,16459,15592,16368,16969,17962,18028,18590,19363,19673,20586,20772,21304,20331,21842,22919
Yorkshire and The Humber,E08000019,Sheffield,14071,14307,14999,16262,17299,18444,19430,20073,21125,22307,21859,21623,22003,22494,22831,23473,24115,24769,24971,25432,25591,26692,26503,28815,30896
Yorkshire and The Humber,E08000032,Bradford,12634,13340,13511,13885,14238,14913,15586,16157,16588,17216,17526,17018,17100,17743,18054,18345,18501,19063,19462,20370,20531,20664,20171,21746,23644
Yorkshire and The Humber,E08000035,Leeds,18869,20136,20811,21551,22585,24407,26012,27397,29045,30551,30264,29856,30496,31169,31613,32252,32944,33825,33934,34766,36475,37366,34921,38817,42209
Yorkshire and The Humber,E08000033,Calderdale,12931,13564,13704,14220,14481,15448,16354,17706,18553,19243,18354,17633,18223,18865,19319,20006,22682,24838,24932,26961,28611,28602,26966,30256,30209
Yorkshire and The Humber,E08000034,Kirklees,11883,12444,12633,12877,13098,13732,14178,14735,15109,15724,15764,15185,15461,15854,16264,16538,17098,17901,18262,19442,20191,20363,19428,21130,22703
Yorkshire and The Humber,E08000036,Wakefield,14537,15271,15733,16295,16827,17644,18293,19035,19584,20136,20413,19854,19746,20311,20820,21403,21450,22707,23370,24091,25237,26038,24673,26639,29107
East Midlands,E06000015,Derby,18027,19153,19968,20940,21981,22696,24369,26276,26915,27362,27683,26725,26917,28282,28651,29514,28894,28785,28996,28984,30781,31860,32613,34626,35451
East Midlands,E07000033,Bolsover,16657,16885,17006,17489,17492,17494,18111,19097,19469,20050,21009,20394,21001,21160,21953,22217,22360,24705,25991,27243,28908,29326,29231,31191,32507
East Midlands,E07000034,Chesterfield,13086,13533,13962,14779,15474,15870,16763,17788,18231,18935,19189,18463,19458,19617,20942,21355,22092,23432,24021,24890,25711,26339,27810,30542,32207
East Midlands,E07000038,North East Derbyshire,9302,9779,9982,10242,10601,11080,11429,12149,12356,12612,13013,12227,12689,13418,13644,14206,15341,16546,16510,16530,17260,17995,18080,19587,20054
East Midlands,E07000032,Amber Valley,14881,15020,14810,15088,15614,15985,16683,17675,18109,18696,19103,17874,18765,19164,20185,20846,21865,22538,22924,23232,23896,25159,24933,26678,28496
East Midlands,E07000035,Derbyshire Dales,14156,14665,14858,15580,16078,16696,17584,18634,18956,19433,19877,18795,19920,20537,21819,22113,22085,22416,23571,23999,25524,25501,24482,26543,28939
East Midlands,E07000036,Erewash,9508,9854,9917,10343,10727,11094,11642,12354,12903,13213,13431,12627,13316,14059,14594,15333,15448,15837,16590,17268,17751,18905,18234,19676,20882
East Midlands,E07000037,High Peak,11912,12163,12208,12539,13064,13641,14201,14807,14890,15005,15343,14217,14585,15376,16020,16043,16795,17744,18513,19149,19631,19579,19012,20488,22710
East Midlands,E07000039,South Derbyshire,18347,18553,18341,18183,18730,19579,20204,21658,20839,20812,21580,19656,22529,23180,24039,27224,28015,27403,29370,29804,30772,34571,32579,32773,29035
East Midlands,E06000018,Nottingham,18003,19015,19561,20867,21862,22929,24678,25543,27146,27941,28438,27739,28531,29522,30133,30497,32444,32821,33585,34823,35338,35872,34708,36792,38631
East Midlands,E07000170,Ashfield,17707,17582,17708,17856,18477,18505,19399,20249,20953,21591,21943,21005,21802,21958,22395,22995,23603,23847,23833,24148,24776,25487,24304,26264,26377
East Midlands,E07000171,Bassetlaw,13015,13661,13895,14129,14757,15302,16017,16509,17050,17486,17718,17206,17936,18627,19411,19853,20123,20808,21207,21475,22243,23226,23219,24143,25573
East Midlands,E07000174,Mansfield,9524,9921,10090,10541,10970,11458,12200,12800,13234,13628,13699,12951,13386,13986,14798,14778,15453,15987,16252,16618,17469,18307,18029,19187,20187
East Midlands,E07000175,Newark and Sherwood,13713,14460,14839,15032,15550,16281,16601,17269,17980,18416,18770,18165,18716,19984,20371,20732,20780,21879,22455,23344,23755,24551,23342,25020,26975
East Midlands,E07000172,Broxtowe,13328,13807,13773,13881,14557,15069,15691,16833,17481,18016,18099,18023,18763,19481,20364,20925,20839,21635,22444,22686,22781,21408,21229,23579,25860
East Midlands,E07000173,Gedling,9130,9429,9571,9996,10343,10634,11030,11554,12066,12495,12787,12201,12584,12980,13722,13645,13855,14504,14908,15294,15470,15994,15821,17360,17969
East Midlands,E07000176,Rushcliffe,13774,14530,14922,15632,15678,16005,17042,17892,18516,19648,20364,19521,20068,20140,20890,21896,22462,22974,23131,24104,27505,29935,28713,28990,32597
East Midlands,E06000016,Leicester,14573,15269,16169,16666,17004,17954,18925,19326,20353,21111,21626,21044,21940,22037,22414,23046,24700,25071,25342,25485,26105,26776,25592,28448,29831
East Midlands,E06000017,Rutland,16084,16191,17079,17363,17505,18203,18908,19386,20221,20377,21203,20200,21305,21177,21818,21635,22243,23381,24258,23503,23879,23423,22896,25513,28434
East Midlands,E07000129,Blaby,18722,18490,19598,19740,20510,22061,24930,26256,28203,30173,31910,33111,33085,31703,34018,37345,38829,39861,38542,39739,39902,39727,34396,37703,42849
East Midlands,E07000130,Charnwood,13940,14307,15176,16393,17098,18039,18824,19490,20189,20334,21252,20025,20549,20413,20405,19779,20332,21127,22266,22916,23278,22901,22272,24605,27222
East Midlands,E07000131,Harborough,15914,16510,16904,16745,17208,18344,18674,19457,20582,21530,21816,20410,21566,21460,21637,21858,23614,24303,24226,25361,25648,26557,25010,26343,27081
East Midlands,E07000132,Hinckley and Bosworth,13452,13539,14460,14854,15204,15937,16382,16796,18235,19100,20084,18334,19670,20045,20554,21498,22504,22437,22491,23540,23733,24213,22703,25620,27838
East Midlands,E07000133,Melton,15125,15025,15411,15586,16287,16687,17007,17063,18380,19273,20083,20028,20782,20559,21038,21600,21536,23907,24893,25267,26607,27542,25419,28241,31821
East Midlands,E07000134,North West Leicestershire,22045,22296,23180,23405,24174,26007,26448,27467,29092,30548,30866,28991,30917,30732,31615,34195,35247,35397,37083,37402,39817,40392,35996,41715,45879
East Midlands,E07000135,Oadby and Wigston,9919,10052,10372,10661,10904,11535,11981,12284,12912,13375,14035,13613,14390,14313,14961,15204,15043,15275,15952,15561,15887,16165,15139,17060,18091
East Midlands,E06000062,West Northamptonshire,17589,17887,19059,19553,20019,20797,21792,22667,24236,25448,26079,24930,26064,26379,26347,27790,28706,29315,30073,31414,32924,33608,31889,35241,38081
East Midlands,E06000061,North Northamptonshire,14824,15123,15620,15754,15796,16582,17177,17558,18174,18783,19260,18225,19182,18907,19593,20156,20874,21280,21553,21780,22395,22943,21748,23654,25777
East Midlands,E07000136,Boston,13482,13661,14439,15503,16115,16863,16243,16957,17336,17912,18355,17391,17626,18536,19196,19842,21159,21281,21609,22572,23436,23966,22215,23758,25752
East Midlands,E07000137,East Lindsey,10934,11049,11452,12064,12745,13137,12978,13440,14344,14518,15302,14672,15243,16129,16469,17426,17822,18095,18318,19172,19484,20597,19309,21037,22097
East Midlands,E07000138,Lincoln,16158,16444,16743,17808,18946,20361,20258,21116,22825,24115,25629,25011,25197,25417,25095,25913,26414,27780,27713,28301,29561,30595,28833,31183,33004
East Midlands,E07000139,North Kesteven,15570,15590,15876,16697,17294,17812,17351,17919,19042,19580,20142,19118,19474,19734,20604,21619,22383,22413,22116,23903,25411,26623,25599,27959,30425
East Midlands,E07000140,South Holland,15490,15673,16254,17293,17428,17859,16860,17357,18012,18707,18944,18264,18550,19056,20061,21397,21843,21893,22777,24670,25859,26223,25728,28336,28973
East Midlands,E07000141,South Kesteven,13064,13274,13760,14860,15550,16518,16477,17086,17880,18820,19614,18604,19361,19448,20477,21050,21413,21240,21055,22640,23134,23800,22442,23979,26065
East Midlands,E07000142,West Lindsey,10820,10889,11947,12240,12742,13110,12884,13198,13776,14048,14850,13930,14328,14782,15218,16432,17132,17237,17039,17830,19078,20634,19886,22268,23863
West Midlands,E06000019,"Herefordshire, County of",14032,14710,15315,15406,16131,16576,16483,16922,17407,17716,18466,17635,17946,18921,19486,20379,21380,21890,22210,23193,24264,25216,23784,25561,27278
West Midlands,E07000234,Bromsgrove,17293,17920,18947,18967,18700,19816,21510,22773,24832,22306,23760,25087,25723,27146,28743,29702,29720,28207,29283,32816,33129,33064,32101,32989,37708
West Midlands,E07000235,Malvern Hills,13174,14138,14707,15441,16655,17051,17669,17789,18503,19057,19718,19104,20269,21402,20988,21001,21759,21827,22386,23231,24729,26309,24248,24880,26588
West Midlands,E07000236,Redditch,14409,14882,15377,15490,15609,16326,17336,17588,18412,18595,19127,18304,19115,20074,21096,22906,25317,26560,27100,29085,28833,28383,26391,26631,28353
West Midlands,E07000237,Worcester,17759,18581,19385,19618,20167,21635,22975,23390,24793,25307,25815,25163,25928,26937,28919,30558,31162,31957,29712,31150,32087,32819,32592,34294,36670
West Midlands,E07000238,Wychavon,14359,15016,15637,15919,15934,16867,17590,17898,18869,19289,20176,19027,19540,20949,21907,22187,23548,24226,24552,25520,26595,27714,27138,28151,28985
West Midlands,E07000239,Wyre Forest,10108,10574,10916,11084,11355,12010,12511,12848,13470,13792,14144,13437,13809,14536,15032,15301,15855,15688,16189,16789,17282,17990,17177,18221,19225
West Midlands,E07000218,North Warwickshire,23873,25759,26593,26671,27125,28548,29521,30711,32454,32665,33238,31516,33529,35130,37881,40053,41458,43527,42470,47122,51442,51188,47594,50699,53873
West Midlands,E07000219,Nuneaton and Bedworth,9303,9830,10196,10344,10481,10893,11473,11830,12369,12583,12937,12202,12628,13320,14420,15716,16791,17159,16885,18211,19038,19649,18578,19576,20867
West Midlands,E07000220,Rugby,18151,19637,20395,20697,21099,22096,23683,24013,24882,25248,25782,23778,24659,25488,26926,26648,27440,28509,29927,31415,30970,29939,28279,30226,33198
West Midlands,E07000221,Stratford-on-Avon,18778,20512,21918,21969,22489,22704,23065,25493,26652,27001,27988,25891,27698,29356,31219,34274,35423,36729,38498,43333,43788,43057,37569,40261,40681
West Midlands,E07000222,Warwick,21603,22903,23334,23292,24129,26297,26982,27598,28917,29198,30059,29492,30529,32104,33292,36826,39999,43413,44361,49276,48341,49351,47360,46099,50460
West Midlands,E06000020,Telford and Wrekin,16910,17478,17432,18060,18493,19229,20175,20678,21215,21621,22228,21317,21918,22731,23295,24221,24597,24612,26457,27129,27688,28710,28667,32708,36105
West Midlands,E06000051,Shropshire,13630,13831,14196,14688,15471,16226,16881,17526,17961,18285,19137,18134,18605,19128,19447,20329,21012,21181,21778,22203,23020,23003,21874,25036,27464
West Midlands,E06000021,Stoke-on-Trent,12980,13174,13558,14036,14755,15569,16613,17349,17983,18597,19593,19193,19558,20320,20730,21472,21664,22062,21958,23218,24621,25342,24994,28456,29709
West Midlands,E07000192,Cannock Chase,13478,13651,14081,14769,15480,16063,16640,17526,17929,18324,18629,17126,17804,18398,18889,19697,20525,21569,22058,24295,25425,24983,23022,25668,27447
West Midlands,E07000193,East Staffordshire,23276,23648,24154,24221,25623,26603,28718,29826,30193,30040,30884,27896,29908,31368,31485,32017,31954,33196,32913,31583,32141,33328,29886,35070,38383
West Midlands,E07000194,Lichfield,14195,14697,15093,15753,16757,17658,18457,18951,19454,19763,20523,19250,19980,20341,21306,22131,23376,25274,26199,27223,25826,26857,25622,29382,31601
West Midlands,E07000195,Newcastle-under-Lyme,11755,12024,12198,12712,13289,13947,14812,15530,15857,16312,17125,16427,17085,17757,17654,18113,18574,19285,19692,20119,20611,21461,20073,23721,25158
West Midlands,E07000196,South Staffordshire,11262,11505,11777,12051,12749,13194,13661,13982,14486,14730,15187,14340,15036,15641,15554,15904,16300,17031,17816,19061,19623,20899,20865,23754,24604
West Midlands,E07000197,Stafford,15605,15764,16428,17059,17792,18635,19065,19513,20229,20820,21696,21175,22069,22505,22803,23751,24759,25212,26413,27221,27315,27652,26227,29607,31123
West Midlands,E07000198,Staffordshire Moorlands,10841,11082,10999,11140,11668,12439,13117,13441,13927,14362,14867,13623,14551,15220,15408,16960,17376,16739,16779,17947,18885,18883,17632,20549,22869
West Midlands,E07000199,Tamworth,12172,12545,12826,13411,14035,14788,15716,16347,16739,17166,17439,16165,16804,17347,16674,17028,17945,19416,20368,22593,24338,24558,23422,28699,30900
West Midlands,E08000025,Birmingham,15081,15635,16153,16989,17521,18429,19511,20252,20680,21579,21724,21153,21730,22066,22391,23250,24013,24525,25386,25812,26736,27236,25717,28305,30552
West Midlands,E08000029,Solihull,22688,23118,24492,25578,25871,26753,27349,28464,28965,29990,29693,27672,29871,30793,32153,33298,34733,37918,42477,46036,47296,48409,42113,44287,48712
West Midlands,E08000026,Coventry,17643,18124,18747,19593,20009,20961,22114,23347,23554,24725,25307,24948,25988,26243,26694,27109,28886,30016,32260,31443,31747,32423,29760,31578,33117
West Midlands,E08000027,Dudley,12010,12434,12666,13222,13602,13901,14399,14823,15220,15825,15834,14802,15381,15824,16447,16783,17144,17255,17790,18345,18566,18979,17644,19545,21145
West Midlands,E08000028,Sandwell,14255,14527,14733,15088,15631,16237,16655,17123,17726,17844,17898,17203,17388,17336,17745,18117,19357,19950,20657,21427,22034,21426,20649,21518,22691
West Midlands,E08000030,Walsall,11746,12067,12305,12705,13020,13539,14097,14595,14822,15278,15378,14366,15046,15853,16408,17277,18235,18445,19133,19216,19159,19000,17462,19400,20665
West Midlands,E08000031,Wolverhampton,13705,14356,14828,15551,16040,16561,17249,17976,18435,19038,19285,18160,18578,19274,19109,19258,19502,18798,19916,21021,22029,22549,21041,23413,25595
East,E06000031,Peterborough,22458,23422,23624,24643,25054,25734,27171,29426,32040,32129,30998,28136,28636,29239,29527,29022,30664,29519,30908,33551,35428,33704,32672,35084,36764
East,E07000008,Cambridge,24068,25367,26765,28752,29931,31193,32694,33726,36773,39029,40278,40786,40760,41094,42233,43300,43265,44479,45366,47341,47024,50231,51395,54176,58989
East,E07000009,East Cambridgeshire,14738,15126,15567,16291,17529,17322,17387,18111,18727,18912,19766,19228,19367,19951,20132,20761,21523,22117,23041,24217,24685,26755,26455,26823,27212
East,E07000010,Fenland,12998,13249,14010,14580,15327,15700,15685,16160,16510,16722,17162,16980,17590,18237,18575,19315,19543,19378,19508,20247,20014,20649,19858,21553,23234
East,E07000011,Huntingdonshire,15400,16182,16818,17616,18227,19002,19263,20155,21417,22127,22596,22161,23167,23502,23732,23997,24988,25523,27039,28029,28398,30457,28846,30234,31633
East,E07000012,South Cambridgeshire,19919,20904,21789,22509,23624,24244,25215,25977,27459,28357,28903,27766,28879,29054,31417,31271,31965,33382,33964,35974,36710,37956,37971,39753,43084
East,E07000200,Babergh,13624,14115,14707,15273,15758,16116,16354,16662,17440,17901,18181,17553,18649,19032,19389,19798,20587,20715,21111,21771,21501,22764,21777,23471,24694
East,E07000202,Ipswich,19087,19984,20582,21308,21810,22930,24315,26158,28497,28572,27880,26546,25742,25738,26468,27951,29411,30180,31829,32283,32766,34263,33435,34382,36583
East,E07000203,Mid Suffolk,13984,14361,15229,15555,16351,16861,17073,17506,18070,18394,19039,18431,18817,19277,19950,20332,21034,21645,22356,23669,24774,25846,24391,25730,26933
East,E07000244,East Suffolk,13518,14115,14822,15239,15912,16711,17122,17910,18601,18952,19165,18381,18974,19775,20575,21284,21793,21823,22126,23183,23520,25183,23447,25294,27263
East,E07000245,West Suffolk,17313,18211,19215,20914,21681,22178,22730,23588,25246,25833,26813,26379,26784,27242,28308,29564,29860,31186,32975,33634,34023,35396,32173,34071,36196
East,E07000144,Broadland,12261,12323,13127,13450,14283,15130,15406,15827,17204,18142,19714,21195,21344,20866,21698,23227,23246,24319,26269,29585,28126,34094,30597,34308,37170
East,E07000145,Great Yarmouth,11970,12237,12827,13343,13953,14605,15276,15577,16754,17155,18040,17773,18151,18704,20575,20746,21288,20965,19380,19558,19042,20400,19095,21211,24821
East,E07000148,Norwich,16649,17650,18698,19635,20353,21351,22453,23911,25729,26355,26248,25777,25909,26474,27214,28549,29474,29641,29596,31192,30648,32507,30132,31724,34320
East,E07000146,King's Lynn and West Norfolk,14164,14674,15282,15626,16203,16920,16871,17624,18071,18437,19081,18896,19195,19766,20586,21196,21507,21561,22201,22456,22733,23628,22469,23426,25397
East,E07000147,North Norfolk,10253,10558,11114,11568,12220,12666,12888,13453,14055,14435,15049,14556,14856,15161,15572,15745,16547,16792,17202,17770,17881,18243,17468,19147,20433
East,E07000143,Breckland,11337,11679,12286,12921,13485,13925,14201,14745,15769,16062,16558,16404,16775,17290,17417,17919,18571,19014,19611,20021,19957,21206,20625,22059,22991
East,E07000149,South Norfolk,13484,14201,15058,15552,16135,17033,17647,18375,19363,19715,19793,19097,19522,19910,20871,21303,21833,21686,22042,22521,22402,23505,22877,24473,26311
East,E06000032,Luton,17050,17690,19183,20032,20590,21636,22117,22764,23277,24455,25297,23129,23153,23000,23525,25487,27710,28581,28681,30207,30523,31549,26444,27992,33624
East,E07000095,Broxbourne,17901,18911,19544,20085,20434,21783,22063,23547,24621,25763,28087,26349,25471,25423,26362,27339,28636,28204,25872,26756,27069,26822,24610,26889,28780
East,E07000096,Dacorum,17288,18070,19033,19851,20670,21783,22746,23954,24509,25572,26371,24820,24918,25528,25460,26048,26888,27728,28516,31314,32150,33614,33316,36960,40588
East,E07000098,Hertsmere,22296,23356,23881,25039,25201,26700,28239,30391,30518,31798,32883,32575,31760,31773,32644,34724,36562,37446,40349,43903,43862,44556,42034,49106,52560
East,E07000099,North Hertfordshire,16744,17628,18768,19191,19560,20560,20855,22143,22327,22646,23240,22398,22966,23355,23727,25192,26680,27058,27521,28940,30200,31000,30993,34415,36268
East,E07000102,Three Rivers,23836,24567,25214,26930,27664,29813,31145,31830,31605,33034,33469,31683,32349,33858,32898,36769,40893,42021,43504,49053,51428,53980,49503,52118,55947
East,E07000103,Watford,25497,26771,28310,29883,31449,33582,35655,37023,38483,40409,40970,39385,38173,38177,39342,41875,44231,48441,51536,56573,55510,53857,47022,50626,54625
East,E07000240,St Albans,17331,17912,19219,19775,20523,21201,22526,23806,24086,24954,25285,23434,24050,24190,24160,25081,26400,29930,30968,32392,33229,34357,32103,34503,39189
East,E07000241,Welwyn Hatfield,26196,28022,28899,30187,31457,32821,33797,35812,35665,36349,37098,34396,33485,31860,32100,34324,36507,36696,36900,40533,43576,50913,50707,53198,55993
East,E07000242,East Hertfordshire,17432,19180,20118,20732,21126,22235,22692,24837,26685,28035,31254,29188,27545,26627,24619,24669,26014,26342,29714,29796,30041,31304,29289,31529,33700
East,E07000243,Stevenage,20616,21931,22514,22965,23621,25171,27004,29517,30065,30735,31406,28817,28483,27899,29215,30647,31219,31776,31539,33372,32747,33099,29540,32234,35834
East,E06000055,Bedford,16074,16675,17147,17804,18387,19228,19785,21202,21771,22420,23297,22314,22152,22075,22224,22584,23706,24295,24673,26216,26183,27500,24735,27359,29394
East,E06000056,Central Bedfordshire,14425,14856,15693,16117,16696,17257,17474,18299,18427,18823,19392,18336,18856,19312,19659,20731,21681,22338,23532,25162,25278,24848,22036,23786,25241
East,E06000033,Southend-on-Sea,10765,11271,11855,12677,13186,14196,14896,15269,16091,16571,16804,16474,16706,16746,17211,17343,17822,18019,18548,19692,20208,19778,17519,19796,21520
East,E06000034,Thurrock,16982,16788,16808,17757,17847,20079,20675,21623,22160,22802,22847,22181,22751,21787,22335,21749,23036,24384,24469,26961,27872,28324,26343,30113,35404
East,E07000067,Braintree,14306,14187,14852,15569,15596,16894,17133,17425,17847,18201,18343,17489,18175,18071,18333,18925,20727,22478,25447,28545,27911,26271,23587,27143,29591
East,E07000071,Colchester,14585,14755,15653,16750,17271,18617,18947,19438,20024,20679,20980,20645,21410,21797,22615,22712,23319,24473,25046,26370,27260,28388,25205,27895,30059
East,E07000076,Tendring,9083,9266,9423,9847,10017,10868,11321,11642,11922,12292,12898,12089,12790,13108,13202,13487,13777,14381,14836,15763,15896,16550,15325,17074,18217
East,E07000072,Epping Forest,15892,16566,17314,18610,19709,21421,21985,22578,23824,25039,25076,24592,25849,25703,25406,25229,26267,28997,31497,33858,34656,34564,30448,34176,36619
East,E07000073,Harlow,20066,20198,20729,21822,22921,25403,26644,27373,28305,29064,28962,26018,27199,25779,24779,25315,25078,25711,26389,28006,28446,26503,23899,26748,29079
East,E07000077,Uttlesford,18456,19548,20662,21507,22190,23774,24044,24701,24942,25663,26024,24933,25768,25801,26276,27994,28336,28903,29366,30398,30560,31820,27067,29606,33689
East,E07000068,Brentwood,20862,21346,23106,25200,25876,27758,27802,28829,30202,31804,31684,30476,31383,31259,29682,30623,36194,41348,42625,46736,48556,49341,40562,44955,47623
East,E07000070,Chelmsford,18377,18545,19510,20875,21212,22787,23104,23590,24598,25498,25399,25241,25614,25787,27327,27641,28967,28626,28980,30209,31318,32593,31110,34974,38563
East,E07000074,Maldon,11988,12089,12588,13079,13399,14429,14618,14797,15325,15566,16221,15273,16177,16538,16751,17418,17826,18156,18713,20086,20003,20634,19083,20696,22832
East,E07000066,Basildon,19320,19246,20714,21707,22193,24028,24174,24920,25717,26531,27765,25676,27487,27626,28800,30258,31139,30568,31747,32855,33849,35694,34169,37820,42422
East,E07000069,Castle Point,7593,7812,8171,8635,8881,9586,9699,9992,10270,10716,10998,10467,10969,11269,11516,11775,12400,12932,12972,13670,13946,14352,13447,15069,16709
East,E07000075,Rochford,10080,10326,10734,11126,11131,11919,11952,12256,12577,12744,13070,12334,12650,12948,13748,14527,14997,15848,16581,17087,17346,18216,17707,19390,21720
London,E09000001,City of London,4286859,3797192,4005168,3787435,4002086,4428818,4756374,5397010,5947393,6273401,6278381,6609303,7216748,7317842,7210513,7671299,8089420,8079550,8769139,9004316,9156405,9071228,9942550,10682565,9152515
London,E09000007,Camden,57786,59623,62889,63848,65509,69840,73895,78185,80746,88370,92175,90205,91950,94211,97704,104422,115885,133771,150577,157763,163407,164010,140789,162239,174117
London,E09000033,Westminster,145531,151175,160011,159710,161470,167075,171240,180005,187417,209509,220505,217056,227114,232312,245125,263021,284794,282841,314587,335848,353613,372425,348587,387868,435304
London,E09000013,Hammersmith and Fulham,25533,26797,28061,28754,29443,31267,32623,34165,34142,36967,39304,37651,38680,40584,43528,46508,50571,53419,54657,58395,61797,66526,64219,66378,67119
London,E09000020,Kensington and Chelsea,29059,30042,30857,30785,31491,32221,33999,35331,37543,42233,45190,42330,44060,47816,55069,60869,65486,66253,67682,68911,74959,72298,63328,68414,77613
London,E09000032,Wandsworth,13791,14829,15586,16247,16798,17396,17951,18842,19430,20870,21277,19870,20230,21040,22457,23353,24929,26331,26532,26017,26473,26400,23864,25883,28305
London,E09000012,Hackney,14294,14975,15820,16307,16696,17653,18337,19474,19968,21183,21392,20511,21293,22424,22706,23270,25359,26226,27501,29706,32971,38119,38465,43025,47985
London,E09000025,Newham,13214,13466,14092,14489,14751,15443,16028,16947,17206,17833,18119,16879,17137,17587,18583,18950,19513,20090,20439,21419,21569,22366,20444,22954,24069
London,E09000030,Tower Hamlets,68083,68184,74763,74337,75431,79795,84736,93884,100940,108500,109480,110171,111380,117280,112353,114799,119040,118511,123445,131341,125505,121869,116799,117114,116712
London,E09000014,Haringey,9905,10521,11031,11567,11836,12289,12762,13349,13386,14275,14066,13125,13902,14518,15061,14907,16022,16514,16166,16982,17498,17657,15756,17944,20689
London,E09000019,Islington,42944,45732,50074,51037,52706,55479,58411,61459,63699,69262,71978,69719,71626,73404,74692,79454,84303,87117,88286,88934,93623,95304,87253,96145,120410
London,E09000023,Lewisham,8312,8705,9184,9763,10170,10950,11375,12013,12437,13159,13310,12369,12936,13647,14343,14133,14806,15065,14907,14916,14964,15115,13954,14994,16258
London,E09000028,Southwark,29428,30644,33336,33969,35185,37082,38793,41404,42184,46023,47794,47229,49771,54024,55738,56808,55566,59004,62235,63511,68278,71777,65052,69497,73715
London,E09000022,Lambeth,19500,20692,22359,23509,23929,25417,26667,28660,28940,31820,33272,31873,34151,35715,35756,33756,37741,38581,40033,40946,41859,41532,36478,41654,50630
London,E09000004,Bexley,15926,16733,17315,18008,18676,19607,20033,20979,21985,22965,23277,21913,22423,22757,24372,26763,26998,27861,29057,28217,28253,29186,25990,26902,28451
London,E09000011,Greenwich,13955,14822,15211,15472,15962,16734,17399,18161,18998,19563,19819,18196,19090,19516,19592,19941,20537,20791,21264,22245,22737,23930,20315,21916,24463
London,E09000002,Barking and Dagenham,16319,16015,15831,15651,15572,16130,16940,17036,18563,19302,19310,17420,18918,19210,19801,20959,20777,20076,19076,18752,19003,19301,16307,18584,20455
London,E09000016,Havering,15038,15795,16471,17113,17724,18779,19440,20378,21387,22318,21832,20001,20641,20732,22090,22561,23565,23873,24499,24692,25441,26094,23680,26336,29713
London,E09000026,Redbridge,12561,13254,13752,14065,14621,15347,16051,16608,17331,17767,17445,15803,16179,16395,17367,17535,17728,18470,18755,19049,19241,19005,16674,18680,20643
London,E09000031,Waltham Forest,10858,11549,11979,12467,13016,13794,14375,15016,15641,16130,15574,13966,14332,14629,15563,15843,16585,17227,17476,17664,18000,18716,16230,17948,20492
London,E09000010,Enfield,15753,16508,17105,17683,18283,19507,20337,21058,22202,23173,22716,20458,21439,21550,22142,22704,23519,24448,24839,24802,26422,27452,24653,26749,28548
London,E09000006,Bromley,17153,18028,18322,18835,19839,21103,22033,22858,24356,25234,24899,23078,23679,24149,24973,25503,25644,25820,26898,27762,28237,27856,25110,25718,27607
London,E09000008,Croydon,17068,18059,18933,19502,20055,21263,22085,23132,23932,25409,24873,23396,23205,23046,23192,23427,25365,25386,25825,26583,28462,29928,27652,29539,32105
London,E09000021,Kingston upon Thames,20419,21398,22327,22762,23512,24843,25918,26811,27983,29685,29842,27946,28156,28573,28782,28519,30437,30551,33748,33887,35005,35415,31066,30599,35143
London,E09000024,Merton,19011,19985,20510,20752,21149,22186,22969,23917,24729,25920,25843,23561,24341,24956,25635,26876,28440,28658,29230,28944,29354,30410,27325,29653,31027
London,E09000029,Sutton,15529,16311,17166,17577,18197,19190,19947,20858,21822,22955,22849,20847,21401,21709,22079,22137,22998,22847,23826,24229,23858,24443,22162,23851,25211
London,E09000003,Barnet,15453,16336,16867,17256,18004,19002,19634,20268,21450,22219,21764,20234,20786,21140,22506,22730,23835,24427,25143,25394,26012,26536,24978,26766,29211
London,E09000005,Brent,17459,18831,19451,19736,20440,21292,21768,22727,23692,24147,23567,21578,22049,22300,23655,24382,26099,27143,28037,28296,28101,29694,27380,28698,30962
London,E09000009,Ealing,17886,18687,19375,19831,20319,21432,21939,22572,23608,24556,24303,22251,22849,23399,24728,25780,27373,28263,29212,28708,28905,28929,27420,27887,28604
London,E09000015,Harrow,14595,15422,15808,16251,16895,17971,18481,18773,19542,20453,20099,18257,19001,19476,19807,20003,21355,22152,22838,23262,23543,23839,21259,23293,24029
London,E09000017,Hillingdon,38410,40240,41987,42239,42728,44421,45965,47239,47651,49220,48415,43291,44878,46402,46087,47960,51724,51685,49785,51835,52565,52814,39024,40212,45021
London,E09000018,Hounslow,31802,33860,36457,37733,38833,40052,40366,41754,45996,48696,50885,48345,49208,49612,51531,55301,58987,61093,63837,63952,62220,64051,48456,47994,57266
London,E09000027,Richmond upon Thames,21206,22170,23348,23845,24275,25203,26002,26982,28328,30087,30000,28536,28506,29338,31245,31923,32768,34790,36824,38696,42410,42018,36711,38184,40376
South East,E06000036,Bracknell Forest,26392,27680,28735,29965,31786,34021,33914,35319,36421,38357,39672,38447,39741,41261,42224,42367,42894,45518,43867,46020,46379,46874,42955,43971,46333
South East,E06000037,West Berkshire,27796,29939,31731,31956,33108,34489,35659,37709,39113,40140,40855,39665,40108,42106,45239,45923,45644,48718,48356,48246,50255,55929,58976,58597,61329
South East,E06000038,Reading,26610,29112,31471,31376,32095,34184,36255,38228,39219,40558,42009,42353,41799,43344,44789,44800,46945,46243,47664,47180,52129,51852,50244,56597,64771
South East,E06000039,Slough,39756,42768,45857,46374,48224,51183,52435,53876,54666,55634,56129,54106,53673,55394,54477,55557,56609,54686,54963,54011,55860,58576,61433,65271,73525
South East,E06000040,Windsor and Maidenhead,27282,28898,29992,30986,32216,34509,34730,36394,36958,38381,39553,38772,39227,40897,42158,44857,44769,46712,49406,53655,54034,53225,51324,54564,58058
South East,E06000041,Wokingham,20980,22374,22847,23551,24986,27756,28693,30421,31959,33894,34201,33548,34272,35866,36918,34780,38325,38566,39974,41863,45712,51039,51938,53945,58624
South East,E06000042,Milton Keynes,27342,27913,29290,30755,32622,34968,34729,35869,37063,38452,38935,36780,37872,38863,39327,40745,44428,48540,47156,50577,52073,52972,50610,53297,55470
South East,E06000060,Buckinghamshire,19452,20290,21238,21933,22617,23623,23904,25019,25674,26661,27764,26884,27129,28117,28521,29126,29783,29769,30164,30431,31351,33427,32297,33841,36341
South East,E07000177,Cherwell,21160,21806,22536,23116,23988,24613,24759,25514,25895,26974,28302,27071,27809,28556,29426,30223,32037,32427,32806,33210,34300,35962,35784,35769,38719
South East,E07000178,Oxford,20844,21678,23252,24779,26777,28068,28796,29029,30400,31723,34145,33540,34593,35342,36084,37091,39794,40547,40813,40896,42513,46377,47115,49734,55185
South East,E07000179,South Oxfordshire,18899,19689,20240,20127,21323,22356,22313,23402,23822,24828,25433,24277,25248,26251,26361,27751,28785,30709,28354,29426,30351,32937,34144,35328,36803
South East,E07000180,Vale of White Horse,21698,22243,22974,23429,24615,25934,26223,27655,28411,29658,31077,30460,31477,32470,34313,35448,35209,35665,34570,35443,36573,36288,38216,39760,44667
South East,E07000181,West Oxfordshire,17104,17255,18066,18664,19758,20200,20025,20813,21313,22082,23457,22277,22814,23764,24270,24832,26082,26426,27143,27694,29206,30815,30121,29916,32257
South East,E06000043,Brighton and Hove,15278,16206,16985,18073,18807,19491,20278,21358,22688,23309,24133,23827,23862,24268,25891,27438,28654,29393,30778,32247,33302,35120,34186,37822,44013
South East,E07000061,Eastbourne,12052,12700,13254,13867,14454,15011,15235,15824,16435,16812,17603,17100,17483,17903,17733,18039,18486,18306,20039,20845,20999,22104,22023,23809,25134
South East,E07000062,Hastings,10713,10896,11174,11554,12209,12628,13178,13502,14073,14326,15294,14907,15390,16086,15957,16163,17020,17659,18880,19285,19417,20240,19465,21261,22164
South East,E07000063,Lewes,11910,12316,12894,13575,13880,14426,14609,15286,15779,16178,16987,16205,16435,16535,16566,17163,17847,18939,19533,20476,21449,22252,22164,22941,25259
South East,E07000064,Rother,9637,10218,10646,11262,11629,12071,12322,12890,13418,13751,14348,13724,13797,13985,13915,14690,15377,16359,16963,16707,16762,17690,17288,19443,20182
South East,E07000065,Wealden,11750,12465,12948,13346,13764,14040,14120,14708,15230,15560,16507,15528,16063,16195,16180,16540,17370,18143,18675,19307,19670,20095,19008,20892,22155
South East,E07000207,Elmbridge,22749,23904,25383,26162,26071,26587,27170,27731,29342,30010,30965,29619,30414,31716,32132,33274,39686,44081,46366,48841,51453,55366,53440,54963,53742
South East,E07000209,Guildford,23355,24475,25909,26249,27166,28112,28942,30143,31583,32578,34146,33539,34596,34207,35138,36378,36302,38406,38293,38287,40421,43421,42240,45799,47719
South East,E07000212,Runnymede,33680,36091,37377,39135,41398,43327,44557,45630,49009,51271,55211,55933,56363,56443,61222,64262,68928,67691,70858,76880,76706,79946,84106,79292,87277
South East,E07000213,Spelthorne,19892,21356,23026,23646,23904,24803,25452,27262,28231,28553,29656,28306,28881,29329,29629,30419,31025,32033,32050,32630,33874,36032,36569,37809,42769
South East,E07000214,Surrey Heath,24627,25293,26615,27435,27973,29010,29532,30284,32126,33208,33781,32782,35865,35988,37627,39302,36569,39456,38563,38828,43131,47365,47616,45936,47282
South East,E07000216,Waverley,17518,18481,19697,20481,21182,22057,22567,23685,25174,25622,26634,25642,26181,26717,26092,26881,27841,29417,28675,29158,28940,29995,29609,31663,32961
South East,E07000217,Woking,21719,23125,24830,25597,26604,27426,27928,29079,30645,30925,31971,30749,31105,31543,31000,32519,35182,32871,32796,33157,34103,33356,31640,33386,34472
South East,E07000208,Epsom and Ewell,15657,16451,17404,18091,18901,19436,19849,20233,21476,21795,22513,21784,22297,22266,22985,22152,22767,23655,24139,24012,23719,24625,23959,25011,27171
South East,E07000210,Mole Valley,27550,28915,30802,32105,33016,33545,35510,37725,40831,41953,42654,41534,42368,43081,49983,55303,55382,49095,50334,50816,52261,53756,49692,50384,60867
South East,E07000211,Reigate and Banstead,36162,37257,38192,39371,40308,40804,43784,46113,51428,52956,52379,53299,53698,51989,52494,53382,52144,51475,48468,50487,44280,44490,40251,44262,50132
South East,E07000215,Tandridge,15339,16276,16868,17284,18180,18814,19149,19840,20837,21512,22284,20886,21833,22061,20908,21827,23971,25286,25481,24619,24899,25766,23908,26332,28774
South East,E07000223,Adur,12587,13121,13622,14110,14376,14805,15089,15879,16699,17271,17795,16883,17500,17524,18022,17247,17762,18879,19242,19856,20230,20553,20105,20957,23304
South East,E07000224,Arun,10237,10594,10883,11406,11752,12204,12283,12596,12955,13322,14005,13221,13843,14203,14498,15227,15660,15742,16413,16799,17524,17745,16683,18483,20359
South East,E07000225,Chichester,17705,18261,19288,19710,20265,21107,21397,22274,23079,23298,24823,24260,24758,25536,26367,27421,27888,29274,29771,31015,31415,32709,30332,32043,35047
South East,E07000229,Worthing,17180,20106,20872,20955,23573,25130,24990,24519,25678,27012,28285,26459,27839,27997,29352,30008,29293,30328,32811,36768,38560,40341,40756,42508,47513
South East,E07000226,Crawley,34942,35858,36100,35907,37741,38733,38627,38365,40754,42548,45108,43368,45102,45471,47251,49225,50249,53324,54979,57736,57670,58449,43627,47853,56272
South East,E07000227,Horsham,16428,17580,18181,18592,19596,20127,20227,21059,21781,22555,23937,22686,23464,24061,24421,23154,24011,24219,25115,25364,27595,27704,26716,27756,29316
South East,E07000228,Mid Sussex,15059,15838,16747,17262,17729,18358,18750,19424,20248,20912,21763,20934,21524,21846,22249,22414,22902,24064,24413,25095,25596,27016,25891,27254,29374
South East,E06000044,Portsmouth,16491,17137,17893,18781,19836,20576,21653,22570,23421,25124,26469,25813,26169,26622,28131,28972,29922,29774,29675,31328,31837,34477,33810,36267,40194
South East,E06000045,Southampton,16983,17373,17853,18569,19893,20983,22989,23977,24497,25837,27107,27620,28323,30221,30361,30949,31642,33354,33425,36342,37551,39046,37105,39528,43503
South East,E06000046,Isle of Wight,10680,11015,11427,11739,12502,13036,13741,14093,14808,15141,15864,15262,15847,16625,17408,18633,19408,19834,19774,20510,20802,22224,21348,23072,25727
South East,E07000086,Eastleigh,20190,19898,20949,22596,23422,24374,25260,26134,26991,27792,28216,26865,27947,28484,29092,29567,31652,32992,34512,36748,35530,37191,34102,36801,38703
South East,E07000087,Fareham,16251,16406,17086,17562,17857,18358,19196,20295,20850,21518,22386,21198,22297,23280,24366,25175,26596,26576,27972,29275,29136,30604,29377,31612,35131
South East,E07000088,Gosport,9018,9284,9612,9975,10334,10845,11245,11577,11839,12134,12625,12368,12757,13062,13203,13767,14463,14643,15115,15920,16174,16639,16054,17159,18740
South East,E07000090,Havant,14189,14210,14935,15295,16270,16081,16981,17810,18593,19808,20934,20749,22551,23292,24896,26076,25999,25990,26105,25462,24270,24538,23720,23675,25340
South East,E07000085,East Hampshire,15591,16229,16838,17296,17888,18312,18606,19574,20098,20539,21246,20520,21218,22057,22547,22260,22617,23290,23107,24070,24715,26356,24646,25628,27987
South East,E07000091,New Forest,16435,16348,17144,18199,18407,19516,20523,20908,21160,21873,22228,21643,22810,23257,23342,24703,24785,25893,27036,27955,29134,30920,29064,31464,36550
South East,E07000093,Test Valley,18719,18852,19787,20472,20817,21238,21755,22653,23312,23952,24710,23637,24809,25577,26296,26584,27666,28673,29548,29649,30294,31857,30186,32119,35038
South East,E07000094,Winchester,22942,23815,25172,26368,27114,27797,29431,31181,32190,34187,35103,34418,35534,36400,38155,39362,41951,44270,45199,48213,47798,49388,44124,48062,51590
South East,E07000084,Basingstoke and Deane,27738,28097,29647,30802,32376,32972,34368,35774,36243,37630,38617,39112,39934,40482,41086,42876,41840,40103,39980,40174,41883,44145,41037,42521,48180
South East,E07000089,Hart,21069,21787,24131,26049,27828,28013,28897,29783,30382,32508,33122,31024,32819,33769,33550,36216,37416,39987,41880,34643,35310,38121,34644,35372,38681
South East,E07000092,Rushmoor,18494,18558,19963,21605,23154,24229,25981,27135,27902,29890,31300,30993,32577,33437,33867,34262,34745,36300,39131,51083,57763,66021,67239,68805,70857
South East,E06000035,Medway,11950,12270,12386,12933,13573,14381,15120,16026,16700,17237,18056,17379,18056,18513,19209,19737,19977,20403,21266,22325,22966,24468,24288,24683,27265
South East,E07000107,Dartford,22445,23323,23796,24450,26093,27618,28298,29557,30114,31018,32405,30440,30831,31659,32670,33667,36234,38637,41323,39024,38665,38271,34980,37407,38756
South East,E07000109,Gravesham,10080,10283,10397,10817,11528,11962,12324,12767,12960,13473,14375,13565,14189,14455,15253,15626,15875,16500,17417,17898,18597,19887,19711,21250,23851
South East,E07000113,Swale,15509,15782,15829,16432,17240,18098,18432,18331,18183,18664,19355,17033,18074,18656,18498,19004,19680,20308,21186,21152,22311,24468,24192,26455,25394
South East,E07000106,Canterbury,13876,14161,14409,15186,15798,16543,17317,18309,18710,19309,20422,19803,20544,20907,21018,21633,22643,22428,22153,23522,24850,25130,24166,26366,28996
South East,E07000108,Dover,14326,15687,17624,17867,16870,17652,19438,19188,18023,17997,19863,17823,18807,20389,20294,20498,21233,22891,22897,23026,23912,24495,22930,24541,27940
South East,E07000112,Folkestone and Hythe,12518,12840,13207,13286,13748,14416,14893,16076,16823,17366,18180,17532,17697,18208,18839,19427,19529,20802,22218,23514,23164,23961,22843,22451,25679
South East,E07000114,Thanet,9598,9967,10188,10504,10989,11661,12157,12934,13279,13681,14530,13639,14093,14310,14321,14778,15087,15573,16337,17191,17846,18461,17698,18621,20793
South East,E07000105,Ashford,16908,17362,17649,18010,18522,18934,19657,20623,21341,21949,22761,21287,21957,22353,23255,23264,24627,25445,25688,25923,26587,28350,26723,27526,29920
South East,E07000110,Maidstone,16349,16799,17345,18108,18710,19807,20650,21367,21823,22693,23703,22301,23090,23596,23306,24065,24802,25668,26421,27040,28260,29941,29338,30546,32807
South East,E07000111,Sevenoaks,17293,17691,18137,19178,19964,21034,21988,23354,23932,24802,25410,23707,24867,26134,27764,29761,30689,33018,35408,36468,38978,38772,37023,39398,42691
South East,E07000115,Tonbridge and Malling,22220,23551,24659,24882,25603,26410,27255,28652,29654,30740,31650,30357,31455,31640,32032,33171,33010,33163,34391,36024,38176,41783,41137,43024,45104
South East,E07000116,Tunbridge Wells,19455,19871,19593,20386,20778,21554,22756,24651,24977,25093,26092,25636,26439,27660,27609,27935,28491,31531,33852,34612,33865,34276,32494,33977,38264
South West,E06000023,"Bristol, City of",17742,18507,19573,21140,22063,23011,24210,24384,25364,27143,28186,28375,29522,29410,30353,30534,31718,32505,33979,36109,35685,37319,35597,40654,44043
South West,E06000022,Bath and North East Somerset,15216,15821,16659,17444,18342,19110,19829,20446,21291,22025,22740,22140,23253,23502,23853,23396,24327,24344,24636,25073,25514,27091,25143,27617,29460
South West,E06000024,North Somerset,13544,14100,14612,15228,15814,16432,17150,17497,17804,18364,18799,17921,18601,19042,19630,20396,21348,21731,22712,22896,23701,24551,23265,25669,27918
South West,E06000025,South Gloucestershire,21957,22964,24124,25915,27071,28564,29904,30846,32056,33251,34776,34036,34985,36013,37897,38352,41401,41084,42700,43336,44979,46381,45070,49102,55593
South West,E07000078,Cheltenham,16490,17169,18188,19464,20251,21247,22359,22774,23288,24143,25296,24805,26571,26403,25860,26296,28190,28452,29072,30122,30987,32488,31786,34635,36491
South West,E07000079,Cotswold,23341,24801,25470,26947,27270,28372,30206,33392,33688,35173,35115,36441,38265,36400,35601,38137,39105,36777,40295,42794,45850,47472,42743,45035,49182
South West,E07000080,Forest of Dean,15905,15929,16545,17454,17307,17842,17372,17871,18733,19881,20576,19325,20314,21429,23045,22246,23526,22827,20384,21715,23556,28831,28915,31022,28085
South West,E07000081,Gloucester,16590,16949,17559,18809,19939,20851,21736,22176,22940,23778,24240,23994,24938,24676,25863,25688,27098,27474,27073,27924,27290,28064,27464,29099,29454
South West,E07000082,Stroud,15101,15773,16221,16770,16868,17325,17878,18307,18270,19114,19549,18557,20418,21018,21863,22665,22987,22860,24802,26028,26839,27803,24893,27296,29705
South West,E07000083,Tewkesbury,22229,22544,23087,24269,25203,26189,27322,27797,28272,29187,29750,28936,30039,31088,32338,34801,35525,37442,35417,39301,37580,38654,34619,40041,43372
South West,E06000030,Swindon,23986,24758,25660,27975,29162,31038,32192,33615,35595,38301,39760,38927,39133,38263,38092,38809,41619,43481,43984,44173,46307,47592,43461,45557,52860
South West,E06000054,Wiltshire,15438,16202,16859,17890,18391,18994,19771,20261,20674,21489,22081,21469,22521,23064,23844,24383,25552,25268,25787,26361,27230,27976,26431,28838,31712
South West,E06000066,Somerset,14224,14942,15602,15696,16179,16798,17607,18540,19352,19517,20178,19593,20020,20512,20750,20893,22096,22239,22451,23948,24701,25178,24065,25579,28036
South West,E06000058,"Bournemouth, Christchurch and Poole",15689,16618,17355,17895,18263,19501,20548,21686,22619,23188,24028,23380,23334,23517,23686,24848,25471,25774,26952,29011,29033,30145,28686,31688,34051
South West,E06000059,Dorset,13768,14695,15494,15442,15722,16106,16671,17551,18127,18393,19538,18650,19348,19586,20136,20610,21541,21463,21831,22848,24324,24957,23534,25936,28439
South West,E06000052,Cornwall,11412,11718,12271,12786,13661,14687,15172,16037,17022,17306,18034,17055,17473,18049,18585,19215,19737,19932,20912,22215,22909,23552,21931,25031,27400
South West,E06000053,Isles of Scilly,18029,18077,19143,18835,19656,22278,22177,22977,25451,23923,24492,24705,25215,27919,28151,29251,28230,30521,31964,36039,36806,36149,31311,31051,37776
South West,E06000026,Plymouth,12858,13623,13862,14663,15181,16050,17553,17879,18862,19037,19748,19243,19977,20550,21131,21595,22056,22707,23298,23988,24738,25463,23593,26914,29686
South West,E06000027,Torbay,10597,11138,11207,11545,11942,12479,13763,14311,15066,15330,15647,14988,15638,15837,15973,16442,16577,16518,16583,16688,16418,17121,16096,19015,20669
South West,E07000040,East Devon,13078,13620,13783,14025,14552,15205,16438,17081,17672,17665,18106,17715,18421,19216,20023,19780,20826,20728,20379,21386,21774,23178,21640,24697,27288
South West,E07000041,Exeter,22778,23901,24550,25853,27585,29629,32610,33381,35337,36367,37576,37427,38077,37380,38406,41408,40575,42427,43661,46500,46422,48297,44777,51035,52562
South West,E07000042,Mid Devon,12256,12537,12631,12870,13296,13395,14035,14341,14833,14697,15055,14412,15191,15558,15658,16371,17328,18050,18161,19272,20188,20501,18401,21266,23931
South West,E07000043,North Devon,13654,14793,15125,15504,16251,16995,17893,18527,19774,20043,20539,20009,21208,21630,22163,22692,23316,24744,25424,25955,26516,27036,24424,28287,30809
South West,E07000044,South Hams,15172,15637,15966,16808,17559,18761,20033,20764,21626,21770,22323,21254,22423,23534,23539,23889,25321,25675,25882,26284,27210,27226,25045,29298,32162
South West,E07000045,Teignbridge,10963,11402,11722,11990,12601,13239,14064,14518,15241,15253,15561,14805,15841,16319,17010,17601,19043,19552,20185,21216,20985,21453,19069,22930,25279
South West,E07000046,Torridge,10916,11170,11183,11356,11952,12307,13041,13396,13946,13828,14396,13853,14497,15017,15446,15714,16597,16100,16380,17024,17001,17391,16014,18507,21132
South West,E07000047,West Devon,11216,11584,11584,11965,12492,13051,13882,14425,15075,14961,15114,14294,14894,15151,14886,15575,16248,16480,16772,17287,17360,17194,15997,18248,19399
Wales,W06000001,Isle of Anglesey,9917,10073,10516,10909,11300,12310,13701,14022,14409,14514,14600,13491,13643,14528,14878,15146,15409,16345,17513,18003,19089,20287,17390,19610,22822
Wales,W06000002,Gwynedd,12858,12998,13417,13840,14860,15952,16651,17852,19008,19396,19593,18747,18665,19441,19949,21114,21265,21754,21951,23205,23849,24716,21987,24595,26123
Wales,W06000003,Conwy,9893,10146,10500,10814,11333,11987,12490,13065,13591,13713,13693,13011,13678,14302,14638,15695,16277,16918,17590,19106,19436,20013,18436,19225,20562
Wales,W06000004,Denbighshire,11655,11774,12197,12716,13643,14392,15309,15992,16714,16972,17244,16589,17289,18083,18005,19074,19705,19966,20939,21998,22767,23293,22484,24121,26474
Wales,W06000008,Ceredigion,11423,11362,11770,12328,13160,13961,14695,15279,16222,16596,16910,16695,17126,18144,17734,18428,18290,19385,20240,20905,22283,22620,21341,22825,25124
Wales,W06000009,Pembrokeshire,12117,11784,11851,12826,12866,13952,16582,16162,15633,17222,16992,15350,16019,16017,16800,18589,18652,22440,22556,23768,23209,25381,21355,23120,27020
Wales,W06000010,Carmarthenshire,11222,11326,11742,12123,12647,13254,13804,14545,15236,15545,15665,14733,15244,15857,16680,17565,18182,18791,19534,19694,20570,21669,20322,22112,24409
Wales,W06000016,Rhondda Cynon Taf,10245,10490,10799,10982,11687,12182,12602,13273,14163,14536,15026,15455,16605,17317,17761,18630,19446,19171,20172,20521,20866,21364,20194,21250,23540
Wales,W06000024,Merthyr Tydfil,10971,11417,12211,12597,13197,14153,15531,16660,17082,17421,17512,17077,17194,18007,18017,18243,18341,18781,19210,20121,20942,21173,20223,20536,21663
Wales,W06000018,Caerphilly,10360,10450,10862,11038,11258,11729,12219,12681,13219,13382,13473,13191,13650,14546,14828,15512,15991,16865,17917,18612,19265,20196,19215,20496,21381
Wales,W06000019,Blaenau Gwent,8808,8905,9394,9581,9933,10211,10756,11306,11682,11902,11867,11314,11957,12696,13267,13504,13556,14182,14266,15357,16301,16537,15602,17360,19090
Wales,W06000020,Torfaen,11335,11503,12197,12415,13056,14116,14900,15631,16515,16511,16461,15702,16526,17447,17306,18342,18802,18498,18368,19331,20582,21949,20186,21471,24061
Wales,W06000012,Neath Port Talbot,11623,11927,12437,12028,12041,12253,12491,13065,14285,14715,15051,14392,15831,16064,16452,17361,17798,18431,19120,19670,20135,21413,19578,21683,22933
Wales,W06000013,Bridgend,14132,14375,15092,15314,16044,17047,17732,18431,19240,19558,19811,18582,19641,20345,20427,21430,22602,22460,22641,24016,25140,26951,24925,26283,27761
Wales,W06000011,Swansea,12948,13266,13830,14679,15230,16117,17338,18311,19014,19643,20136,19952,19936,20551,20884,21466,23182,22839,23955,25021,26403,27310,25371,26516,27525
Wales,W06000021,Monmouthshire,13147,14003,15118,15588,16228,16991,17738,18397,19283,19818,19975,19059,19449,20194,21001,21342,22349,23529,23273,23665,24942,25853,25042,25367,26923
Wales,W06000022,Newport,16246,16958,17913,18215,18489,19962,21146,21841,22830,23695,22670,22087,23003,23791,24219,23908,23829,24574,26658,27299,29282,29776,27558,28543,30598
Wales,W06000014,Vale of Glamorgan,10908,11374,11791,12423,13023,13843,13700,14232,14955,14987,14743,14644,14767,15239,16265,17266,17433,18529,18833,18503,18422,18951,16732,17427,19495
Wales,W06000015,Cardiff,18277,19544,20416,21246,22294,23756,24878,26018,27268,29025,28434,28378,28380,29236,30394,30892,31858,32472,34377,35592,36358,38032,36990,39137,40950
Wales,W06000005,Flintshire,15668,15823,16477,16692,16869,17694,18356,19036,20384,20595,21646,20948,22180,24572,26064,26875,26851,27946,29512,30119,31654,32373,30360,31433,34497
Wales,W06000006,Wrexham,15204,15150,15921,16305,16609,17607,18668,19509,20384,21101,20703,20550,21524,22265,22919,23884,23417,24147,24364,24857,26203,27622,26829,29441,31928
Wales,W06000023,Powys,11168,11471,12158,12651,13112,14084,14538,14833,15261,15688,15172,14851,15444,16092,16822,17367,17894,18727,19278,19376,20036,20331,19357,20066,22052
Scotland,S12000033,Aberdeen City,25113,25388,26083,28324,29691,30423,32349,33986,38480,42611,46916,45230,46702,47578,50600,53383,54021,51424,46737,45640,47333,48920,43673,45815,52517
Scotland,S12000034,Aberdeenshire,15698,15650,16195,17333,17941,17941,18682,19712,21787,23769,25366,24419,24788,25952,26331,28482,30934,30595,29421,30338,29805,29480,26910,28741,31243
Scotland,S12000017,Highland,14321,15078,15690,16378,16654,18093,19251,20196,20870,21243,21832,21049,22189,23320,24098,25311,26184,26437,27052,28881,29513,30498,28019,29795,32974
Scotland,S12000020,Moray,13615,14067,14506,14805,15218,16247,17137,17991,18933,19965,21744,21535,21572,22750,22669,23093,23311,23639,23367,25570,26288,26938,25762,27720,30635
Scotland,S12000021,North Ayrshire,10804,11333,11812,12130,12135,12842,13201,14089,15087,15345,15807,15279,15661,15906,16641,17619,18182,18260,18695,19119,19409,20385,19940,21198,23551
Scotland,S12000035,Argyll and Bute,12536,13250,13832,14657,15007,16237,17546,19205,19731,20404,21496,21366,21697,22792,23779,23729,24454,24409,24937,26730,26919,28483,26381,28690,31394
Scotland,S12000013,Na h-Eileanan Siar,10444,11361,11883,13006,13205,14432,15521,16418,16845,17288,18211,17754,18606,19555,19744,19850,20566,20393,20691,21390,22394,24183,23409,24959,25432
Scotland,S12000023,Orkney Islands,15086,16165,17281,18350,18360,19907,21555,23247,23374,24003,25256,24977,25528,27282,27982,26984,27574,28427,27775,27922,26056,27906,25331,27394,30106
Scotland,S12000027,Shetland Islands,18267,19065,19282,20454,20788,21911,23784,25020,26340,26709,28543,30102,29982,32491,32966,34467,36762,34764,33633,36209,36026,38652,35112,36322,37459
Scotland,S12000041,Angus,11255,11567,12076,12402,12759,13439,13619,14186,15560,16130,16309,15557,15872,16242,16504,17424,18593,18030,19119,19426,20378,21722,19562,21988,24224
Scotland,S12000042,Dundee City,13926,14250,15449,16225,17057,18237,19352,19969,20724,21541,21853,21445,21822,22543,22973,23607,24312,24712,24857,25592,26257,27409,26027,28253,30271
Scotland,S12000005,Clackmannanshire,10399,10925,11288,11397,11952,12826,13443,14183,15154,15984,16259,15615,15687,16356,16543,16628,18519,19374,20161,20778,22955,24089,22550,25535,27801
Scotland,S12000047,Fife,12633,12861,13286,13673,14234,14919,15531,16154,17456,18015,18604,17822,18151,18447,19083,19904,20918,21280,21709,22356,22113,22956,22154,23939,26185
Scotland,S12000010,East Lothian,10216,10346,10619,10983,11609,12260,12801,13267,14366,14733,14602,13983,14295,14814,15122,16283,17174,17496,18041,18944,19687,20333,18736,20738,22375
Scotland,S12000019,Midlothian,9837,10213,10863,11276,11713,12407,13190,13635,13920,14444,14799,14203,14589,15235,15646,16862,17575,18369,18674,19299,20166,20802,19779,21441,23038
Scotland,S12000036,City of Edinburgh,23407,23739,25514,27453,29509,32056,34913,36616,38315,40025,39703,40870,40476,40142,41468,42709,43844,44305,47422,49881,50973,52656,48948,54150,60764
Scotland,S12000014,Falkirk,16181,16050,16585,17168,17709,19011,19952,21036,22220,22531,23884,23125,23475,23350,23242,23962,24803,25646,25604,26340,27266,28422,26825,29060,30222
Scotland,S12000048,Perth and Kinross,17639,16974,16880,17305,18603,19581,20514,21351,23858,24342,24337,24973,24323,24885,26700,28470,29543,30657,30640,31638,31847,32644,28716,30475,32826
Scotland,S12000030,Stirling,17006,17594,18559,19896,20622,22185,23248,24609,25380,27152,26920,26992,26403,26771,27352,28365,28294,27901,27872,29442,28963,31161,28944,32404,33902
Scotland,S12000040,West Lothian,16736,17136,17247,17646,18456,19410,20436,21063,22164,22927,23398,22134,22861,23967,24270,23899,24968,26258,26609,27652,28935,29618,28705,31338,35144
Scotland,S12000039,West Dunbartonshire,10451,10800,11400,12315,12825,13543,14699,15712,16751,16957,17836,17375,17697,18469,18017,18276,19445,19873,21442,22524,23961,25018,23017,24940,27058
Scotland,S12000045,East Dunbartonshire,8347,8656,8891,9321,9650,10270,10739,11431,11955,12034,12315,11743,11714,12339,12656,13250,14191,14605,14780,15863,16332,16742,15053,16677,18575
Scotland,S12000049,Glasgow City,19807,20650,21645,22907,23413,24880,27169,29291,30936,31852,32640,32064,31349,32174,32649,34146,35055,34937,35152,36787,37317,38933,37231,40761,45041
Scotland,S12000011,East Renfrewshire,7916,8205,8561,8848,9130,9672,10156,10238,10642,10705,11275,10689,10887,11249,11795,12671,13375,13678,13883,14599,14836,14854,14378,15595,16692
Scotland,S12000038,Renfrewshire,14929,15242,16135,16957,17545,18225,19219,20080,21172,20896,21912,20940,21042,21979,22415,23617,25743,26379,25927,27506,28425,29262,27641,30635,31594
Scotland,S12000018,Inverclyde,10839,10744,11460,12388,13090,13794,14995,15548,15955,16057,16903,16557,16480,17406,18052,17719,19023,19154,19415,19475,18721,18425,16472,17974,18611
Scotland,S12000050,North Lanarkshire,13424,13571,14069,14933,15469,16318,17159,18081,18979,19181,20152,19391,19499,20049,20509,21431,23655,23867,24481,26180,26916,28050,26881,28733,31266
Scotland,S12000026,Scottish Borders,13751,13779,14157,14689,15215,15690,15899,16728,17684,17819,18298,17700,18220,18943,19355,20212,21663,22155,22159,22930,23991,24565,23045,24861,25315
Scotland,S12000006,Dumfries and Galloway,14042,14643,15584,16547,16932,17940,18420,19271,20273,20439,21472,20782,20734,21708,22313,23479,24511,24649,25164,26402,26586,27816,26048,27373,29413
Scotland,S12000008,East Ayrshire,10238,10674,11140,11837,12200,12642,13216,14330,15288,15713,16308,15833,15922,16299,16565,16723,17223,17633,17845,19037,18823,19053,18035,19487,21590
Scotland,S12000028,South Ayrshire,13588,13985,15027,15681,16399,17002,17985,18865,19965,19852,20664,20343,20941,21462,21517,21682,22800,23307,23586,24559,25283,25634,22625,24034,27183
Scotland,S12000029,South Lanarkshire,13059,13351,13661,14362,14967,15888,16628,17699,19092,19362,20318,19870,19947,20440,21080,21988,22815,23007,23475,24703,24646,25135,23386,24295,27149
Northern Ireland,N09000003,Belfast,18127,19487,21121,22504,23429,25786,27451,29089,30650,31980,32227,31940,31126,32244,32843,34583,34787,35805,37851,40501,41411,42706,40497,46403,49821
Northern Ireland,N09000002,"Armagh City, Banbridge and Craigavon",11232,11833,12498,13185,13460,14216,14758,15440,16178,16923,16719,15869,16135,16622,16868,17750,18413,18915,20070,20525,21454,22312,20887,22681,24299
Northern Ireland,N09000010,"Newry, Mourne and Down",10352,10910,11756,12218,12506,13295,13783,14499,15201,15470,15631,14748,14797,15620,16123,16813,17748,18094,19085,19554,20174,21273,20183,21617,23482
Northern Ireland,N09000011,Ards and North Down,8700,9146,9670,10106,10451,11146,11442,12155,12859,13271,13372,12583,12626,13246,13563,13321,13850,13925,15069,15676,16194,16833,15884,16864,17635
Northern Ireland,N09000005,Derry City and Strabane,10543,11029,11468,11977,12292,13687,14005,15208,16291,16337,16794,16549,16569,17168,17786,18083,18378,18674,19854,20872,21279,22731,22493,23908,26204
Northern Ireland,N09000009,Mid Ulster,14810,15730,17119,17561,17801,19440,19950,20996,21766,22268,21164,18896,19743,20073,20301,21532,22414,23124,24097,24693,26450,28183,25726,28446,31467
Northern Ireland,N09000004,Causeway Coast and Glens,10280,10919,11925,12065,12312,13199,13565,14278,15161,15524,15466,14797,15129,15895,16297,16472,16714,16731,17895,18553,18492,19068,17848,19804,21363
Northern Ireland,N09000001,Antrim and Newtownabbey,14353,15150,16185,17046,17436,18189,18844,19482,20585,21552,21066,19948,20384,21193,21576,21553,22803,23413,24218,25407,25760,26980,26443,27770,29490
Northern Ireland,N09000007,Lisburn and Castlereagh,13215,14022,15046,15945,16344,17457,17882,18826,19793,20463,20260,19535,19563,20095,21068,21513,22020,22901,24020,24371,25381,26678,24937,27196,29637
Northern Ireland,N09000008,Mid and East Antrim,16902,17661,19152,18524,18952,19217,20289,20159,20958,21149,21920,23067,22789,21847,24496,24405,23965,26250,25700,23333,20260,21162,20105,21716,23369
Northern Ireland,N09000006,Fermanagh and Omagh,11877,12496,13244,13821,14206,15195,15875,17102,18026,18286,18182,17404,17341,17695,18605,17908,18999,19165,20396,21339,22223,23140,22334,24618,26414
,E07000026,Allerdale,,,,,,,,,,,,,,,,,,,,,,,23368,25043,27305
,E07000027,Barrow-in-Furness,,,,,,,,,,,,,,,,,,,,,,,28887,31200,33242
,E07000029,Copeland,,,,,,,,,,,,,,,,,,,,,,,23368,25043,27305
,E07000028,Carlisle,,,,,,,,,,,,,,,,,,,,,,,23368,25043,27305
,E07000030,Eden,,,,,,,,,,,,,,,,,,,,,,,28887,31200,33242
,E07000031,South Lakeland,,,,,,,,,,,,,,,,,,,,,,,28887,31200,33242
,E07000163,Craven,,,,,,,,,,,,,,,,,,,,,,,27188,30474,32886
,E07000164,Hambleton,,,,,,,,,,,,,,,,,,,,,,,27188,30474,32886
,E07000165,Harrogate,,,,,,,,,,,,,,,,,,,,,,,27188,30474,32886
,E07000166,Richmondshire,,,,,,,,,,,,,,,,,,,,,,,27188,30474,32886
,E07000167,Ryedale,,,,,,,,,,,,,,,,,,,,,,,27188,30474,32886
,E07000168,Scarborough,,,,,,,,,,,,,,,,,,,,,,,27188,30474,32886
,E07000169,Selby,,,,,,,,,,,,,,,,,,,,,,,27188,30474,32886
,E07000187,Mendip,,,,,,,,,,,,,,,,,,,,,,,24065,25579,28036
,E07000188,Sedgemoor,,,,,,,,,,,,,,,,,,,,,,,24065,25579,28036
,E07000189,South Somerset,,,,,,,,,,,,,,,,,,,,,,,24065,25579,28036
,E07000246,Somerset West and Taunton,,,,,,,,,,,,,,,,,,,,,,,24065,25579,28036
