Area,mnemonic,2016,2017,2018,2019,2020,2021,2022
ualad19:Darlington,E06000005,20662,21087,21345,21678,21867,22271,22704
ualad19:County Durham,E06000047,104862,106188,107820,109558,110417,111995,113708
ualad19:Hartlepool,E06000001,17302,17504,17755,17958,18082,18336,18738
ualad19:Middlesbrough,E06000002,22541,22920,23200,23658,23879,24371,24856
ualad19:Northumberland,E06000057,73910,75626,76949,79011,80358,82281,84185
ualad19:Redcar and Cleveland,E06000003,29537,29972,30536,31150,31466,31937,32381
ualad19:Stockton-on-Tees,E06000004,34330,34923,35566,36295,36796,37518,38478
ualad19:Gateshead,E08000037,38611,38880,39078,39481,39719,39983,40360
ualad19:Newcastle upon Tyne,E08000021,42129,42620,43175,43865,44171,44869,45645
ualad19:North Tyneside,E08000022,39789,40400,41070,41964,42492,43213,43882
ualad19:South Tyneside,E08000023,29432,29640,29918,30447,30628,31060,31516
ualad19:Sunderland,E08000024,52682,53534,54306,55332,55794,56639,57616
ualad19:Blackburn with Darwen,E06000008,21311,21557,21881,22180,22410,22550,22750
ualad19:Blackpool,E06000009,28745,28802,28781,28961,28969,29362,29465
ualad19:Cheshire East,E06000049,83371,84683,85947,87482,88246,89990,91374
ualad19:Cheshire West and Chester,E06000050,70194,71320,72868,74130,74867,76302,77694
ualad19:Halton,E06000006,22074,22524,22956,23424,23653,24176,24500
ualad19:Warrington,E06000007,37574,38215,38766,39525,39867,40362,41115
ualad19:Allerdale,E07000026,22703,22911,23213,23573,23756,24031,24352
ualad19:Barrow-in-Furness,E07000027,14223,14288,14351,14519,14502,14573,14695
ualad19:Carlisle,E07000028,22414,22708,23093,23472,23675,24013,24588
ualad19:Copeland,E07000029,15038,15049,15131,15328,15452,15643,15903
ualad19:Eden,E07000030,13444,13618,13805,14075,14329,14518,14713
ualad19:South Lakeland,E07000031,28230,28476,28739,29249,29310,29469,29863
ualad19:Bolton,E08000001,48097,48720,49433,50246,50576,51003,51415
ualad19:Bury,E08000002,33722,34255,34800,35237,35380,35637,35758
ualad19:Manchester,E08000003,50113,50500,50936,51480,51774,52606,53502
ualad19:Oldham,E08000004,36843,37295,37933,38446,38567,38821,39026
ualad19:Rochdale,E08000005,34615,35167,35708,36387,36694,37062,37500
ualad19:Salford,E08000006,35778,35848,35908,36122,35957,36040,36299
ualad19:Stockport,E08000007,57014,57532,57995,58686,58905,59604,60194
ualad19:Tameside,E08000008,39058,39576,39935,40310,40277,40703,41043
ualad19:Trafford,E08000009,40137,40457,40604,40988,41204,41469,41820
ualad19:Wigan,E08000010,60389,61010,61704,62781,63255,63983,64838
ualad19:Burnley,E07000117,15998,16168,16440,16733,16886,17001,17233
ualad19:Chorley,E07000118,22233,22636,23060,23621,23844,24258,24776
ualad19:Fylde,E07000119,20918,21253,21717,22244,22500,22828,23558
ualad19:Hyndburn,E07000120,14498,14620,14779,14937,14957,15110,15285
ualad19:Lancaster,E07000121,27863,28222,28616,28951,29246,29475,29751
ualad19:Pendle,E07000122,16430,16629,16831,17055,17182,17302,17652
ualad19:Preston,E07000123,20800,20899,21022,21379,21610,21977,22472
ualad19:Ribble Valley,E07000124,13619,13861,14153,14407,14689,14968,15536
ualad19:Rossendale,E07000125,12592,12861,13121,13434,13562,13733,13879
ualad19:South Ribble,E07000126,22574,22898,23193,23654,23831,24227,24630
ualad19:West Lancashire,E07000127,24271,24615,24920,25279,25475,25858,26416
ualad19:Wyre,E07000128,29269,29616,29985,30455,30778,31203,32130
ualad19:Knowsley,E08000011,24759,24969,25290,25812,26151,26440,26925
ualad19:Liverpool,E08000012,70955,71641,72534,73529,73905,74901,75846
ualad19:Sefton,E08000014,62315,62966,63542,64521,64709,65158,65872
ualad19:St. Helens,E08000013,36141,36610,36980,37394,37477,37807,38083
ualad19:Wirral,E08000015,67470,68262,69093,70017,70278,70819,71948
ualad19:East Riding of Yorkshire,E06000011,84069,85476,86849,88575,89623,91065,92477
"ualad19:Kingston upon Hull, City of",E06000010,38870,39206,39686,40216,40585,41118,41738
ualad19:North East Lincolnshire,E06000012,31346,31660,31978,32474,32788,33040,33453
ualad19:North Lincolnshire,E06000013,34775,35309,35855,36396,36896,37516,38017
ualad19:York,E06000014,37268,37719,38067,38462,38507,39003,39388
ualad19:Craven,E07000163,14384,14636,14881,15254,15421,15768,16243
ualad19:Hambleton,E07000164,22520,22936,23354,23957,24232,24866,25418
ualad19:Harrogate,E07000165,35397,35847,36327,37026,37345,38423,39408
ualad19:Richmondshire,E07000166,10665,10908,11123,11331,11486,11734,12012
ualad19:Ryedale,E07000167,13951,14246,14403,14705,14902,15254,15548
ualad19:Scarborough,E07000168,28236,28605,28941,29537,29656,30081,30343
ualad19:Selby,E07000169,17001,17295,17710,18238,18545,18890,19307
ualad19:Barnsley,E08000016,45121,45821,46388,47161,47543,47905,48753
ualad19:Doncaster,E08000017,56811,57636,58341,59153,59617,60245,60890
ualad19:Rotherham,E08000018,50285,50746,51400,51983,52081,52551,52918
ualad19:Sheffield,E08000019,92462,92683,93329,94315,94557,95291,96005
ualad19:Bradford,E08000032,77416,78625,79839,81329,82243,83500,84999
ualad19:Calderdale,E08000033,37325,37731,38130,38801,39090,39496,40097
ualad19:Kirklees,E08000034,73484,74470,75234,76107,76682,77264,78407
ualad19:Leeds,E08000035,121471,122914,123973,125429,126044,127440,128618
ualad19:Wakefield,E08000036,62706,63558,64467,65539,66160,67050,68039
ualad19:Derby,E06000015,41241,41754,42007,42643,42637,43057,43471
ualad19:Leicester,E06000016,40504,41195,41991,42796,43290,43816,44652
ualad19:Nottingham,E06000018,37124,37248,37538,37905,38032,38114,38461
ualad19:Rutland,E06000017,9353,9602,9806,10073,10208,10386,10549
ualad19:Amber Valley,E07000032,26809,27152,27665,28062,28399,28666,29032
ualad19:Bolsover,E07000033,15343,15554,15713,16037,16201,16346,16672
ualad19:Chesterfield,E07000034,21338,21543,21665,21933,22175,22510,22872
ualad19:Derbyshire Dales,E07000035,18662,18977,19363,19567,19766,20122,20467
ualad19:Erewash,E07000036,22702,22923,23178,23464,23524,23610,23713
ualad19:High Peak,E07000037,18425,18715,19038,19465,19650,19962,20303
ualad19:North East Derbyshire,E07000038,24042,24354,24563,25021,25166,25446,25710
ualad19:South Derbyshire,E07000039,17672,18124,18686,19249,19617,20128,20669
ualad19:Blaby,E07000129,19735,20037,20473,20751,20880,21233,21522
ualad19:Charnwood,E07000130,31883,32485,33148,33877,34286,34910,35452
ualad19:Harborough,E07000131,19213,19700,20159,20516,20935,21692,22282
ualad19:Hinckley and Bosworth,E07000132,23379,24076,24548,25013,25149,25512,25814
ualad19:Melton,E07000133,10967,11315,11540,11861,12085,12246,12586
ualad19:North West Leicestershire,E07000134,19302,19773,20241,20597,20885,21156,21566
ualad19:Oadby and Wigston,E07000135,12031,12062,12217,12360,12384,12318,12346
ualad19:Boston,E07000136,13918,14057,14111,14279,14371,14499,14666
ualad19:East Lindsey,E07000137,40879,41488,42339,42878,43126,43690,44236
ualad19:Lincoln,E07000138,14424,14639,14802,14970,15000,15154,15412
ualad19:North Kesteven,E07000139,26235,26589,26843,27225,27396,27769,28299
ualad19:South Holland,E07000140,21915,21983,22156,22389,22567,22808,23272
ualad19:South Kesteven,E07000141,30444,31179,31741,32345,32895,33341,33854
ualad19:West Lindsey,E07000142,22200,22572,22927,23349,23824,24151,24575
ualad19:Corby,E07000150,-,-,-,-,-,-,-
ualad19:Daventry,E07000151,-,-,-,-,-,-,-
ualad19:East Northamptonshire,E07000152,-,-,-,-,-,-,-
ualad19:Kettering,E07000153,-,-,-,-,-,-,-
ualad19:Northampton,E07000154,-,-,-,-,-,-,-
ualad19:South Northamptonshire,E07000155,-,-,-,-,-,-,-
ualad19:Wellingborough,E07000156,-,-,-,-,-,-,-
ualad19:Ashfield,E07000170,23340,23844,24276,24661,24751,25016,25381
ualad19:Bassetlaw,E07000171,24300,24694,25225,25661,25958,26291,26740
ualad19:Broxtowe,E07000172,23156,23417,23759,24063,24201,24325,24499
ualad19:Gedling,E07000173,24056,24498,24904,25216,25284,25382,25618
ualad19:Mansfield,E07000174,20104,20300,20629,21063,21196,21419,21754
ualad19:Newark and Sherwood,E07000175,25644,26083,26411,27006,27375,27846,28363
ualad19:Rushcliffe,E07000176,23718,24193,24592,25132,25426,25951,26498
"ualad19:Herefordshire, County of",E06000019,44769,45608,46358,47280,47896,48880,49847
ualad19:Shropshire,E06000051,74539,76153,77759,79640,80940,82656,84358
ualad19:Stoke-on-Trent,E06000021,42741,43193,43329,43888,44224,44570,45095
ualad19:Telford and Wrekin,E06000020,29175,30074,30746,31639,32294,32973,33532
ualad19:Cannock Chase,E07000192,18197,18522,18808,19177,19445,19705,19876
ualad19:East Staffordshire,E07000193,21693,22011,22383,22728,23014,23254,23861
ualad19:Lichfield,E07000194,23890,24191,24528,25039,25219,25724,26080
ualad19:Newcastle-under-Lyme,E07000195,25560,25893,26198,26567,26733,26844,27064
ualad19:South Staffordshire,E07000196,26364,26595,27061,27510,27594,27955,28514
ualad19:Stafford,E07000197,29107,29687,30262,30863,31195,31598,32133
ualad19:Staffordshire Moorlands,E07000198,23815,24135,24385,24803,25029,25297,25484
ualad19:Tamworth,E07000199,13569,13915,14277,14542,14770,15027,15289
ualad19:North Warwickshire,E07000218,13391,13659,13890,14065,14042,14341,14508
ualad19:Nuneaton and Bedworth,E07000219,24269,24651,24929,25254,25426,25739,26037
ualad19:Rugby,E07000220,19795,20046,20195,20550,20695,20933,21154
ualad19:Stratford-on-Avon,E07000221,31020,31549,32150,32905,33336,34232,35177
ualad19:Warwick,E07000222,26172,26722,27166,27672,27976,28218,28623
ualad19:Birmingham,E08000025,146123,147251,148786,150578,150897,150920,151721
ualad19:Coventry,E08000026,49333,49483,49823,50053,50241,50466,50738
ualad19:Dudley,E08000027,64080,64787,65322,65828,65935,66258,66544
ualad19:Sandwell,E08000028,49062,49367,49665,49879,49974,49994,50549
ualad19:Solihull,E08000029,44463,44778,45225,45671,45623,45774,46146
ualad19:Walsall,E08000030,49299,49574,49516,49749,49631,49651,50025
ualad19:Wolverhampton,E08000031,42836,42999,43120,43540,43472,43594,44103
ualad19:Bromsgrove,E07000234,21449,21730,21971,22371,22618,22853,22948
ualad19:Malvern Hills,E07000235,20863,21192,21613,21910,22074,22469,22892
ualad19:Redditch,E07000236,14688,15127,15483,15799,16053,16235,16549
ualad19:Worcester,E07000237,16995,17333,17632,17953,18129,18406,18786
ualad19:Wychavon,E07000238,29643,30300,31017,31903,32505,33210,33834
ualad19:Wyre Forest,E07000239,24350,24760,25050,25523,25556,25776,26074
ualad19:Bedford,E06000055,28921,29356,29817,30435,30852,31274,31935
ualad19:Central Bedfordshire,E06000056,48132,49402,50324,51455,52218,53246,54618
ualad19:Luton,E06000032,25675,25839,26011,26210,26202,26444,26646
ualad19:Peterborough,E06000031,28367,28844,29366,29934,30351,30803,31219
ualad19:Southend-on-Sea,E06000033,34123,34295,34446,34790,34769,34668,34983
ualad19:Thurrock,E06000034,23262,23468,23713,23955,23910,23953,24123
ualad19:Cambridge,E07000008,15631,15789,15985,16236,16449,16747,17076
ualad19:East Cambridgeshire,E07000009,16910,17190,17381,17808,18009,18347,18779
ualad19:Fenland,E07000010,22077,22415,22704,23043,23273,23576,24018
ualad19:Huntingdonshire,E07000011,33754,34377,34936,35586,36088,36851,37518
ualad19:South Cambridgeshire,E07000012,29307,29856,30306,30793,31392,32097,32730
ualad19:Basildon,E07000066,31415,31592,31741,32020,31988,31994,32262
ualad19:Braintree,E07000067,29607,30095,30567,31183,31582,32083,32638
ualad19:Brentwood,E07000068,15546,15516,15489,15640,15591,15573,15745
ualad19:Castle Point,E07000069,22119,22295,22478,22612,22740,22638,22871
ualad19:Chelmsford,E07000070,33017,33505,34018,34459,34896,35276,35645
ualad19:Colchester,E07000071,32278,32744,33313,33710,34151,34510,34955
ualad19:Epping Forest,E07000072,25428,25621,25891,26126,26135,26370,26865
ualad19:Harlow,E07000073,13139,13195,13272,13423,13472,13735,13813
ualad19:Maldon,E07000074,15235,15572,15843,16177,16310,16702,17111
ualad19:Rochford,E07000075,19419,19572,19755,19971,19958,20156,20384
ualad19:Tendring,E07000076,41991,42553,42919,43526,43753,44137,44806
ualad19:Uttlesford,E07000077,16571,16895,17248,17778,18049,18622,19209
ualad19:Broxbourne,E07000095,17171,17237,17248,17349,17319,17279,17408
ualad19:Dacorum,E07000096,25578,25879,26240,26554,26784,27117,27682
ualad19:East Hertfordshire,E07000242,25276,25714,26134,26663,27147,27652,28290
ualad19:Hertsmere,E07000098,18415,18558,18701,18991,19034,19285,19680
ualad19:North Hertfordshire,E07000099,24625,24942,25132,25523,25712,26030,26399
ualad19:St Albans,E07000240,24340,24492,24832,25235,25381,25697,25922
ualad19:Stevenage,E07000243,13102,13195,13184,13352,13465,13585,13865
ualad19:Three Rivers,E07000102,16589,16683,16671,16752,16960,17007,17205
ualad19:Watford,E07000103,12368,12433,12596,12799,12872,12982,13214
ualad19:Welwyn Hatfield,E07000241,18289,18407,18475,18764,18776,18940,19242
ualad19:Breckland,E07000143,33085,33698,33999,34572,35058,35514,36247
ualad19:Broadland,E07000144,32059,32502,33082,33602,33836,34290,34824
ualad19:Great Yarmouth,E07000145,23058,23462,23703,23896,23975,24150,24376
ualad19:King's Lynn and West Norfolk,E07000146,38286,38688,38944,39423,39531,40223,40649
ualad19:North Norfolk,E07000147,32973,33455,33809,34120,34342,34770,34925
ualad19:Norwich,E07000148,20703,20908,21063,21393,21572,21601,21771
ualad19:South Norfolk,E07000149,31667,32241,32923,33588,34111,34718,35463
ualad19:Babergh,E07000200,22732,23122,23571,24020,24276,24722,25431
ualad19:Ipswich,E07000202,22123,22297,22439,22781,22902,23194,23477
ualad19:East Suffolk,E07000244,64205,65284,66268,67316,67852,68791,69949
ualad19:Mid Suffolk,E07000203,23741,24299,24766,25325,25720,26157,26769
ualad19:West Suffolk,E07000245,35642,36090,36498,36977,37123,37617,38076
ualad19:Camden,E09000007,25212,25216,25205,25335,25156,25013,25378
ualad19:City of London,E09000001,1176,1200,1226,1218,1227,1240,1300
ualad19:Hackney,E09000012,18798,18978,19407,19837,20221,20730,21266
ualad19:Hammersmith and Fulham,E09000013,18075,18364,18581,18919,18992,19115,19446
ualad19:Haringey,E09000014,25116,25800,26360,26910,27352,27978,28609
ualad19:Islington,E09000019,19485,19632,19853,20083,20191,20463,20698
ualad19:Kensington and Chelsea,E09000020,20815,20747,20803,20882,20783,20811,21287
ualad19:Lambeth,E09000022,25067,25392,25994,26476,26937,27524,28344
ualad19:Lewisham,E09000023,27421,27478,27776,28216,28419,28859,29596
ualad19:Newham,E09000025,22302,23015,23495,24185,24688,25491,26261
ualad19:Southwark,E09000028,23791,24127,24483,24999,25396,26020,26854
ualad19:Tower Hamlets,E09000030,16179,16556,16826,17071,17234,17623,18400
ualad19:Wandsworth,E09000032,29511,29989,30418,30926,31174,31645,32313
ualad19:Westminster,E09000033,24903,25079,25058,25122,25016,25009,25498
ualad19:Barking and Dagenham,E09000002,19396,19291,19129,19098,19076,19136,19429
ualad19:Barnet,E09000003,52847,53420,54258,55080,55660,56566,57672
ualad19:Bexley,E09000004,40124,40369,40508,40826,40898,41031,41477
ualad19:Brent,E09000005,36156,36957,37848,38577,39100,39891,40672
ualad19:Bromley,E09000006,57325,57535,57683,58168,58165,58361,58788
ualad19:Croydon,E09000008,49636,50595,51267,52189,52761,53434,54468
ualad19:Ealing,E09000009,40680,41555,42465,43329,43940,44787,46090
ualad19:Enfield,E09000010,42393,43000,43636,44330,44672,45318,46006
ualad19:Greenwich,E09000011,28541,28789,29127,29599,29857,30470,30904
ualad19:Harrow,E09000015,37206,37781,38449,39144,39729,40507,41194
ualad19:Havering,E09000016,46100,46207,46280,46602,46489,46195,46455
ualad19:Hillingdon,E09000017,38721,39191,39640,40356,40923,41332,41897
ualad19:Hounslow,E09000018,30676,31310,32128,32905,33554,34270,34936
ualad19:Kingston upon Thames,E09000021,22897,23156,23477,23938,24176,24513,24901
ualad19:Merton,E09000024,25455,25671,26123,26629,26873,27292,27829
ualad19:Redbridge,E09000026,36195,36659,37025,37621,37831,38165,38975
ualad19:Richmond upon Thames,E09000027,29163,29715,30275,30790,31225,31651,32323
ualad19:Sutton,E09000029,30359,30565,30857,31340,31621,31867,32184
ualad19:Waltham Forest,E09000031,27177,27301,27638,28007,28282,28597,29105
ualad19:Bracknell Forest,E06000036,16555,16967,17482,17876,18433,19009,19575
ualad19:Brighton and Hove,E06000043,38149,38184,38371,38687,38872,39237,39518
ualad19:Isle of Wight,E06000046,37896,38839,39528,40423,40814,41300,41756
ualad19:Medway,E06000035,43485,44156,44758,45546,46069,46334,46978
ualad19:Milton Keynes,E06000042,34578,35759,36840,38012,38827,39932,41130
ualad19:Portsmouth,E06000044,29824,30033,30293,30532,30676,30945,31297
ualad19:Reading,E06000038,19827,20019,20302,20619,20759,21109,21448
ualad19:Slough,E06000039,13985,14302,14521,14835,15133,15417,15732
ualad19:Southampton,E06000045,33068,33186,33508,33908,34037,34406,34647
ualad19:West Berkshire,E06000037,28508,29272,29866,30456,31008,31789,32295
ualad19:Windsor and Maidenhead,E06000040,26940,27276,27605,28000,28125,28510,28952
ualad19:Wokingham,E06000041,28091,28652,29229,29778,30095,30779,31327
ualad19:Aylesbury Vale,E07000004,-,-,-,-,-,-,-
ualad19:Chiltern,E07000005,-,-,-,-,-,-,-
ualad19:South Bucks,E07000006,-,-,-,-,-,-,-
ualad19:Wycombe,E07000007,-,-,-,-,-,-,-
ualad19:Eastbourne,E07000061,24603,24762,24772,24891,24910,25055,25326
ualad19:Hastings,E07000062,17524,17597,17898,18313,18510,18497,18761
ualad19:Lewes,E07000063,25163,25581,25912,26312,26377,26667,27012
ualad19:Rother,E07000064,29164,29708,29968,30161,30343,30418,30717
ualad19:Wealden,E07000065,40157,40722,41164,41677,42091,42778,43629
ualad19:Basingstoke and Deane,E07000084,29402,29904,30526,31258,31679,32269,33069
ualad19:East Hampshire,E07000085,26412,26968,27484,27969,28653,29355,30284
ualad19:Eastleigh,E07000086,24451,24907,25358,25852,26389,26916,27530
ualad19:Fareham,E07000087,26486,26821,27244,27585,27898,28286,28754
ualad19:Gosport,E07000088,16575,16854,16999,17240,17352,17657,18001
ualad19:Hart,E07000089,18161,18505,18779,19137,19379,19760,20267
ualad19:Havant,E07000090,28751,29105,29441,29766,30097,30414,30839
ualad19:New Forest,E07000091,49490,49993,50590,51211,51438,51921,52503
ualad19:Rushmoor,E07000092,13792,14072,14391,14782,15019,15220,15523
ualad19:Test Valley,E07000093,25673,26220,26577,26942,27341,27872,28594
ualad19:Winchester,E07000094,24941,25342,25755,26092,26379,26789,27491
ualad19:Ashford,E07000105,23984,24454,24861,25163,25648,26142,26749
ualad19:Canterbury,E07000106,32356,32687,33186,33693,34114,34511,35086
ualad19:Dartford,E07000107,15498,15580,15675,15905,15982,16087,16232
ualad19:Dover,E07000108,26141,26471,26885,27365,27754,28055,28578
ualad19:Gravesham,E07000109,18146,18203,18338,18432,18478,18475,18456
ualad19:Maidstone,E07000110,31438,31912,32378,32856,33245,33835,34383
ualad19:Sevenoaks,E07000111,24884,25006,25357,25638,25806,26095,26488
ualad19:Folkestone and Hythe,E07000112,26066,26470,26871,27264,27455,27584,28031
ualad19:Swale,E07000113,27450,27834,28177,28562,28744,29111,29535
ualad19:Thanet,E07000114,32207,32527,32640,33114,33188,33408,33669
ualad19:Tonbridge and Malling,E07000115,23729,24103,24511,24885,25220,25439,25810
ualad19:Tunbridge Wells,E07000116,21596,21770,21918,22136,22391,22572,23029
ualad19:Cherwell,E07000177,25567,26093,26578,27111,27641,28313,28897
ualad19:Oxford,E07000178,17922,18112,18352,18691,18783,19155,19475
ualad19:South Oxfordshire,E07000179,28147,28515,29003,29611,30044,30819,31559
ualad19:Vale of White Horse,E07000180,25230,25717,26114,26727,27100,27641,28385
ualad19:West Oxfordshire,E07000181,22546,22995,23381,23902,24340,24930,25629
ualad19:Elmbridge,E07000207,23800,24060,24354,24677,24867,24944,25357
ualad19:Epsom and Ewell,E07000208,14200,14362,14500,14551,14635,14680,14847
ualad19:Guildford,E07000209,24008,24181,24356,24660,25045,25354,25577
ualad19:Mole Valley,E07000210,19691,19847,20131,20412,20599,20914,21237
ualad19:Reigate and Banstead,E07000211,25831,26029,26173,26481,26613,26885,27529
ualad19:Runnymede,E07000212,14693,14711,14724,14976,15091,15208,15331
ualad19:Spelthorne,E07000213,18224,18269,18309,18369,18521,18640,18666
ualad19:Surrey Heath,E07000214,16750,16999,17186,17453,17689,18007,18377
ualad19:Tandridge,E07000215,17466,17673,17876,18159,18207,18475,18722
ualad19:Waverley,E07000216,26644,26876,27047,27607,27783,28173,28758
ualad19:Woking,E07000217,16658,16707,16968,17152,17156,17303,17592
ualad19:Adur,E07000223,14767,14909,14966,15115,15168,15292,15417
ualad19:Arun,E07000224,44691,45299,45766,46161,46574,47144,47913
ualad19:Chichester,E07000225,31447,31880,32345,33015,33346,33939,34443
ualad19:Crawley,E07000226,14801,14963,15137,15389,15596,15811,15995
ualad19:Horsham,E07000227,30415,31091,31683,32408,32864,33690,34476
ualad19:Mid Sussex,E07000228,29507,29841,30360,30852,31036,31699,32230
ualad19:Worthing,E07000229,24281,24359,24467,24761,24899,25132,25321
ualad19:Bath and North East Somerset,E06000022,35443,35712,36309,36749,37097,37732,38149
"ualad19:Bournemouth, Christchurch and Poole",E06000058,83907,84600,85104,86154,86358,86865,87441
"ualad19:Bristol, City of",E06000023,59530,59771,59936,60508,60597,61007,61253
ualad19:Cornwall,E06000052,133470,135921,137885,140535,142186,145092,147207
ualad19:Isles of Scilly,E06000053,585,584,597,588,602,596,597
ualad19:North Somerset,E06000024,49527,50091,50546,51160,51504,52198,52751
ualad19:Plymouth,E06000026,46677,47246,47620,48109,48550,49290,50037
ualad19:South Gloucestershire,E06000025,51093,51641,52299,53171,53788,54565,55330
ualad19:Swindon,E06000030,33612,34182,34968,35946,36541,37385,38131
ualad19:Torbay,E06000027,34783,35232,35746,36456,36915,37324,37610
ualad19:Wiltshire,E06000054,101578,103631,105681,108316,110029,112458,114800
ualad19:East Devon,E07000040,41957,42794,43486,44352,44724,45616,46252
ualad19:Exeter,E07000041,20315,20626,20890,21212,21475,21878,22060
ualad19:Mid Devon,E07000042,18396,18703,19040,19353,19675,20046,20447
ualad19:North Devon,E07000043,23471,23795,24192,24681,25070,25651,26150
ualad19:South Hams,E07000044,22964,23521,23967,24350,24829,25238,25722
ualad19:Teignbridge,E07000045,33564,34308,35025,35738,36051,36615,37255
ualad19:Torridge,E07000046,17768,18249,18565,18952,19146,19490,19872
ualad19:West Devon,E07000047,14735,15059,15275,15660,15962,16409,16836
ualad19:Dorset,E06000059,104067,105956,107675,109973,111331,113047,115068
ualad19:Cheltenham,E07000078,21620,22063,22256,22653,22761,23053,23418
ualad19:Cotswold,E07000079,21388,21905,22569,23011,23319,23811,24232
ualad19:Forest of Dean,E07000080,20240,20584,21053,21444,21622,21927,22252
ualad19:Gloucester,E07000081,20673,20938,21319,21572,21797,22280,22558
ualad19:Stroud,E07000082,26025,26497,26956,27485,27867,28419,28901
ualad19:Tewkesbury,E07000083,19357,19694,20138,20567,20824,21303,21678
ualad19:Mendip,E07000187,25189,25703,26301,26902,27397,27832,28370
ualad19:Sedgemoor,E07000188,27591,28273,28715,29243,29438,30025,30394
ualad19:South Somerset,E07000189,40656,41391,42075,42846,43483,44246,44895
ualad19:Somerset West and Taunton,E07000246,37279,38163,38894,39713,40188,40735,41415
ualad19:Isle of Anglesey,W06000001,17220,17387,17470,17721,18104,18299,18514
ualad19:Gwynedd,W06000002,26941,27029,26926,26969,27258,27408,27588
ualad19:Conwy,W06000003,30542,30583,30689,31047,31338,31467,31629
ualad19:Denbighshire,W06000004,22428,22635,22896,23167,23657,23885,24089
ualad19:Flintshire,W06000005,31606,31997,32403,32767,33058,33370,33760
ualad19:Wrexham,W06000006,25913,26169,26590,26996,27326,27547,27902
ualad19:Powys,W06000023,34636,35030,35556,36135,36745,37353,37794
ualad19:Ceredigion,W06000008,17340,17575,17659,17846,18215,18513,18714
ualad19:Pembrokeshire,W06000009,30107,30549,30964,31382,31972,32503,32948
ualad19:Carmarthenshire,W06000010,42445,43144,43555,44237,45226,45688,46444
ualad19:Swansea,W06000011,47058,47318,47645,48278,48720,49231,49690
ualad19:Neath Port Talbot,W06000012,28778,29068,29352,29719,30135,30229,30539
ualad19:Bridgend,W06000013,28496,28932,29280,29712,30153,30353,30802
ualad19:Vale of Glamorgan,W06000014,26485,27036,27597,28139,28743,29216,29732
ualad19:Cardiff,W06000015,50116,50521,50844,51593,52320,52908,53900
ualad19:Rhondda Cynon Taff,W06000016,44667,45169,45704,46303,46609,46787,47329
ualad19:Merthyr Tydfil,W06000024,10813,10943,11058,11181,11185,11172,11221
ualad19:Caerphilly,W06000018,33805,34149,34645,35114,35403,35613,36052
ualad19:Blaenau Gwent,W06000019,13434,13511,13492,13652,13671,13638,13769
ualad19:Torfaen,W06000020,18273,18387,18596,18914,19182,19298,19419
ualad19:Monmouthshire,W06000021,22155,22544,22875,23192,23762,24140,24536
ualad19:Newport,W06000022,26014,26221,26561,26845,27035,27187,27369
ualad19:Aberdeen City,S12000033,34832,35292,35532,36157,36611,37341,-
ualad19:Aberdeenshire,S12000034,47771,48806,49799,51073,52106,53617,-
ualad19:Angus,S12000041,26487,26805,27288,27790,28041,28464,-
ualad19:Argyll and Bute,S12000035,21556,21837,21960,22210,22342,22777,-
ualad19:Clackmannanshire,S12000005,9883,10050,10227,10461,10576,10718,-
ualad19:Dumfries and Galloway,S12000006,36907,37409,37879,38570,39058,39562,-
ualad19:Dundee City,S12000042,25967,25942,25987,26067,26040,26243,-
ualad19:East Ayrshire,S12000008,23917,24187,24553,24952,25220,25574,-
ualad19:East Dunbartonshire,S12000045,23405,23697,24067,24476,24733,25065,-
ualad19:East Lothian,S12000010,20398,20856,21170,21731,22192,22865,-
ualad19:East Renfrewshire,S12000011,18353,18694,18897,19186,19441,19846,-
ualad19:City of Edinburgh,S12000036,75933,77068,78060,79355,79979,81277,-
ualad19:Na h-Eileanan Siar,S12000013,6639,6756,6825,6895,6973,7072,-
ualad19:Falkirk,S12000014,29157,29530,30006,30449,30655,31115,-
ualad19:Fife,S12000047,73658,74592,75590,77024,78169,79415,-
ualad19:Glasgow City,S12000049,83790,83972,84265,85164,85623,86604,-
ualad19:Highland,S12000017,50076,51039,51996,53088,54001,55224,-
ualad19:Inverclyde,S12000018,16169,16283,16382,16508,16495,16721,-
ualad19:Midlothian,S12000019,16392,16686,17029,17383,17570,17867,-
ualad19:Moray,S12000020,19754,20054,20423,20716,21071,21534,-
ualad19:North Ayrshire,S12000021,29227,29720,30074,30532,30847,31294,-
ualad19:North Lanarkshire,S12000050,56497,57255,58004,59099,59811,60616,-
ualad19:Orkney Islands,S12000023,4967,5073,5234,5306,5443,5540,-
ualad19:Perth and Kinross,S12000048,33916,34515,35199,35834,36317,36998,-
ualad19:Renfrewshire,S12000038,32665,32948,33288,33887,34153,34585,-
ualad19:Scottish Borders,S12000026,27243,27699,28103,28616,29084,29655,-
ualad19:Shetland Islands,S12000027,4403,4482,4555,4686,4807,4924,-
ualad19:South Ayrshire,S12000028,27257,27780,28186,28744,28955,29362,-
ualad19:South Lanarkshire,S12000029,59375,60256,61297,62706,63480,64500,-
ualad19:Stirling,S12000030,17425,17737,18002,18264,18516,18791,-
ualad19:West Dunbartonshire,S12000039,16191,16329,16427,16731,16868,17142,-
ualad19:West Lothian,S12000040,28642,29218,29810,30485,30903,31553,-
ualad19:Antrim and Newtownabbey,N09000001,-,-,-,-,-,-,-
"ualad19:Armagh City, Banbridge and Craigavon",N09000002,-,-,-,-,-,-,-
ualad19:Belfast,N09000003,-,-,-,-,-,-,-
ualad19:Causeway Coast and Glens,N09000004,-,-,-,-,-,-,-
ualad19:Derry City and Strabane,N09000005,-,-,-,-,-,-,-
ualad19:Fermanagh and Omagh,N09000006,-,-,-,-,-,-,-
ualad19:Lisburn and Castlereagh,N09000007,-,-,-,-,-,-,-
ualad19:Mid and East Antrim,N09000008,-,-,-,-,-,-,-
ualad19:Mid Ulster,N09000009,-,-,-,-,-,-,-
"ualad19:Newry, Mourne and Down",N09000010,-,-,-,-,-,-,-
ualad19:Ards and North Down,N09000011,-,-,-,-,-,-,-
ladu:Darlington,E06000005,20662,21087,21345,21678,21867,22271,22704
ladu:County Durham,E06000047,104862,106188,107820,109558,110417,111995,113708
ladu:Hartlepool,E06000001,17302,17504,17755,17958,18082,18336,18738
ladu:Middlesbrough,E06000002,22541,22920,23200,23658,23879,24371,24856
ladu:Northumberland,E06000057,73910,75626,76949,79011,80358,82281,84185
ladu:Redcar and Cleveland,E06000003,29537,29972,30536,31150,31466,31937,32381
ladu:Stockton-on-Tees,E06000004,34330,34923,35566,36295,36796,37518,38478
ladu:Gateshead,E08000037,38611,38880,39078,39481,39719,39983,40360
ladu:Newcastle upon Tyne,E08000021,42129,42620,43175,43865,44171,44869,45645
ladu:North Tyneside,E08000022,39789,40400,41070,41964,42492,43213,43882
ladu:South Tyneside,E08000023,29432,29640,29918,30447,30628,31060,31516
ladu:Sunderland,E08000024,52682,53534,54306,55332,55794,56639,57616
ladu:Blackburn with Darwen,E06000008,21311,21557,21881,22180,22410,22550,22750
ladu:Blackpool,E06000009,28745,28802,28781,28961,28969,29362,29465
ladu:Cheshire East,E06000049,83371,84683,85947,87482,88246,89990,91374
ladu:Cheshire West and Chester,E06000050,70194,71320,72868,74130,74867,76302,77694
ladu:Halton,E06000006,22074,22524,22956,23424,23653,24176,24500
ladu:Warrington,E06000007,37574,38215,38766,39525,39867,40362,41115
ladu:Allerdale,E07000026,22703,22911,23213,23573,23756,24031,24352
ladu:Barrow-in-Furness,E07000027,14223,14288,14351,14519,14502,14573,14695
ladu:Carlisle,E07000028,22414,22708,23093,23472,23675,24013,24588
ladu:Copeland,E07000029,15038,15049,15131,15328,15452,15643,15903
ladu:Eden,E07000030,13444,13618,13805,14075,14329,14518,14713
ladu:South Lakeland,E07000031,28230,28476,28739,29249,29310,29469,29863
ladu:Bolton,E08000001,48097,48720,49433,50246,50576,51003,51415
ladu:Bury,E08000002,33722,34255,34800,35237,35380,35637,35758
ladu:Manchester,E08000003,50113,50500,50936,51480,51774,52606,53502
ladu:Oldham,E08000004,36843,37295,37933,38446,38567,38821,39026
ladu:Rochdale,E08000005,34615,35167,35708,36387,36694,37062,37500
ladu:Salford,E08000006,35778,35848,35908,36122,35957,36040,36299
ladu:Stockport,E08000007,57014,57532,57995,58686,58905,59604,60194
ladu:Tameside,E08000008,39058,39576,39935,40310,40277,40703,41043
ladu:Trafford,E08000009,40137,40457,40604,40988,41204,41469,41820
ladu:Wigan,E08000010,60389,61010,61704,62781,63255,63983,64838
ladu:Burnley,E07000117,15998,16168,16440,16733,16886,17001,17233
ladu:Chorley,E07000118,22233,22636,23060,23621,23844,24258,24776
ladu:Fylde,E07000119,20918,21253,21717,22244,22500,22828,23558
ladu:Hyndburn,E07000120,14498,14620,14779,14937,14957,15110,15285
ladu:Lancaster,E07000121,27863,28222,28616,28951,29246,29475,29751
ladu:Pendle,E07000122,16430,16629,16831,17055,17182,17302,17652
ladu:Preston,E07000123,20800,20899,21022,21379,21610,21977,22472
ladu:Ribble Valley,E07000124,13619,13861,14153,14407,14689,14968,15536
ladu:Rossendale,E07000125,12592,12861,13121,13434,13562,13733,13879
ladu:South Ribble,E07000126,22574,22898,23193,23654,23831,24227,24630
ladu:West Lancashire,E07000127,24271,24615,24920,25279,25475,25858,26416
ladu:Wyre,E07000128,29269,29616,29985,30455,30778,31203,32130
ladu:Knowsley,E08000011,24759,24969,25290,25812,26151,26440,26925
ladu:Liverpool,E08000012,70955,71641,72534,73529,73905,74901,75846
ladu:Sefton,E08000014,62315,62966,63542,64521,64709,65158,65872
ladu:St. Helens,E08000013,36141,36610,36980,37394,37477,37807,38083
ladu:Wirral,E08000015,67470,68262,69093,70017,70278,70819,71948
ladu:East Riding of Yorkshire,E06000011,84069,85476,86849,88575,89623,91065,92477
"ladu:Kingston upon Hull, City of",E06000010,38870,39206,39686,40216,40585,41118,41738
ladu:North East Lincolnshire,E06000012,31346,31660,31978,32474,32788,33040,33453
ladu:North Lincolnshire,E06000013,34775,35309,35855,36396,36896,37516,38017
ladu:York,E06000014,37268,37719,38067,38462,38507,39003,39388
ladu:Craven,E07000163,14384,14636,14881,15254,15421,15768,16243
ladu:Hambleton,E07000164,22520,22936,23354,23957,24232,24866,25418
ladu:Harrogate,E07000165,35397,35847,36327,37026,37345,38423,39408
ladu:Richmondshire,E07000166,10665,10908,11123,11331,11486,11734,12012
ladu:Ryedale,E07000167,13951,14246,14403,14705,14902,15254,15548
ladu:Scarborough,E07000168,28236,28605,28941,29537,29656,30081,30343
ladu:Selby,E07000169,17001,17295,17710,18238,18545,18890,19307
ladu:Barnsley,E08000016,45121,45821,46388,47161,47543,47905,48753
ladu:Doncaster,E08000017,56811,57636,58341,59153,59617,60245,60890
ladu:Rotherham,E08000018,50285,50746,51400,51983,52081,52551,52918
ladu:Sheffield,E08000019,92462,92683,93329,94315,94557,95291,96005
ladu:Bradford,E08000032,77416,78625,79839,81329,82243,83500,84999
ladu:Calderdale,E08000033,37325,37731,38130,38801,39090,39496,40097
ladu:Kirklees,E08000034,73484,74470,75234,76107,76682,77264,78407
ladu:Leeds,E08000035,121471,122914,123973,125429,126044,127440,128618
ladu:Wakefield,E08000036,62706,63558,64467,65539,66160,67050,68039
ladu:Derby,E06000015,41241,41754,42007,42643,42637,43057,43471
ladu:Leicester,E06000016,40504,41195,41991,42796,43290,43816,44652
ladu:Nottingham,E06000018,37124,37248,37538,37905,38032,38114,38461
ladu:Rutland,E06000017,9353,9602,9806,10073,10208,10386,10549
ladu:Amber Valley,E07000032,26809,27152,27665,28062,28399,28666,29032
ladu:Bolsover,E07000033,15343,15554,15713,16037,16201,16346,16672
ladu:Chesterfield,E07000034,21338,21543,21665,21933,22175,22510,22872
ladu:Derbyshire Dales,E07000035,18662,18977,19363,19567,19766,20122,20467
ladu:Erewash,E07000036,22702,22923,23178,23464,23524,23610,23713
ladu:High Peak,E07000037,18425,18715,19038,19465,19650,19962,20303
ladu:North East Derbyshire,E07000038,24042,24354,24563,25021,25166,25446,25710
ladu:South Derbyshire,E07000039,17672,18124,18686,19249,19617,20128,20669
ladu:Blaby,E07000129,19735,20037,20473,20751,20880,21233,21522
ladu:Charnwood,E07000130,31883,32485,33148,33877,34286,34910,35452
ladu:Harborough,E07000131,19213,19700,20159,20516,20935,21692,22282
ladu:Hinckley and Bosworth,E07000132,23379,24076,24548,25013,25149,25512,25814
ladu:Melton,E07000133,10967,11315,11540,11861,12085,12246,12586
ladu:North West Leicestershire,E07000134,19302,19773,20241,20597,20885,21156,21566
ladu:Oadby and Wigston,E07000135,12031,12062,12217,12360,12384,12318,12346
ladu:Boston,E07000136,13918,14057,14111,14279,14371,14499,14666
ladu:East Lindsey,E07000137,40879,41488,42339,42878,43126,43690,44236
ladu:Lincoln,E07000138,14424,14639,14802,14970,15000,15154,15412
ladu:North Kesteven,E07000139,26235,26589,26843,27225,27396,27769,28299
ladu:South Holland,E07000140,21915,21983,22156,22389,22567,22808,23272
ladu:South Kesteven,E07000141,30444,31179,31741,32345,32895,33341,33854
ladu:West Lindsey,E07000142,22200,22572,22927,23349,23824,24151,24575
ladu:Ashfield,E07000170,23340,23844,24276,24661,24751,25016,25381
ladu:Bassetlaw,E07000171,24300,24694,25225,25661,25958,26291,26740
ladu:Broxtowe,E07000172,23156,23417,23759,24063,24201,24325,24499
ladu:Gedling,E07000173,24056,24498,24904,25216,25284,25382,25618
ladu:Mansfield,E07000174,20104,20300,20629,21063,21196,21419,21754
ladu:Newark and Sherwood,E07000175,25644,26083,26411,27006,27375,27846,28363
ladu:Rushcliffe,E07000176,23718,24193,24592,25132,25426,25951,26498
ladu:North Northamptonshire,E06000061,60637,61908,63024,64225,64844,65623,66600
ladu:West Northamptonshire,E06000062,67464,68865,70092,71386,71915,73306,74430
"ladu:Herefordshire, County of",E06000019,44769,45608,46358,47280,47896,48880,49847
ladu:Shropshire,E06000051,74539,76153,77759,79640,80940,82656,84358
ladu:Stoke-on-Trent,E06000021,42741,43193,43329,43888,44224,44570,45095
ladu:Telford and Wrekin,E06000020,29175,30074,30746,31639,32294,32973,33532
ladu:Cannock Chase,E07000192,18197,18522,18808,19177,19445,19705,19876
ladu:East Staffordshire,E07000193,21693,22011,22383,22728,23014,23254,23861
ladu:Lichfield,E07000194,23890,24191,24528,25039,25219,25724,26080
ladu:Newcastle-under-Lyme,E07000195,25560,25893,26198,26567,26733,26844,27064
ladu:South Staffordshire,E07000196,26364,26595,27061,27510,27594,27955,28514
ladu:Stafford,E07000197,29107,29687,30262,30863,31195,31598,32133
ladu:Staffordshire Moorlands,E07000198,23815,24135,24385,24803,25029,25297,25484
ladu:Tamworth,E07000199,13569,13915,14277,14542,14770,15027,15289
ladu:North Warwickshire,E07000218,13391,13659,13890,14065,14042,14341,14508
ladu:Nuneaton and Bedworth,E07000219,24269,24651,24929,25254,25426,25739,26037
ladu:Rugby,E07000220,19795,20046,20195,20550,20695,20933,21154
ladu:Stratford-on-Avon,E07000221,31020,31549,32150,32905,33336,34232,35177
ladu:Warwick,E07000222,26172,26722,27166,27672,27976,28218,28623
ladu:Birmingham,E08000025,146123,147251,148786,150578,150897,150920,151721
ladu:Coventry,E08000026,49333,49483,49823,50053,50241,50466,50738
ladu:Dudley,E08000027,64080,64787,65322,65828,65935,66258,66544
ladu:Sandwell,E08000028,49062,49367,49665,49879,49974,49994,50549
ladu:Solihull,E08000029,44463,44778,45225,45671,45623,45774,46146
ladu:Walsall,E08000030,49299,49574,49516,49749,49631,49651,50025
ladu:Wolverhampton,E08000031,42836,42999,43120,43540,43472,43594,44103
ladu:Bromsgrove,E07000234,21449,21730,21971,22371,22618,22853,22948
ladu:Malvern Hills,E07000235,20863,21192,21613,21910,22074,22469,22892
ladu:Redditch,E07000236,14688,15127,15483,15799,16053,16235,16549
ladu:Worcester,E07000237,16995,17333,17632,17953,18129,18406,18786
ladu:Wychavon,E07000238,29643,30300,31017,31903,32505,33210,33834
ladu:Wyre Forest,E07000239,24350,24760,25050,25523,25556,25776,26074
ladu:Bedford,E06000055,28921,29356,29817,30435,30852,31274,31935
ladu:Central Bedfordshire,E06000056,48132,49402,50324,51455,52218,53246,54618
ladu:Luton,E06000032,25675,25839,26011,26210,26202,26444,26646
ladu:Peterborough,E06000031,28367,28844,29366,29934,30351,30803,31219
ladu:Southend-on-Sea,E06000033,34123,34295,34446,34790,34769,34668,34983
ladu:Thurrock,E06000034,23262,23468,23713,23955,23910,23953,24123
ladu:Cambridge,E07000008,15631,15789,15985,16236,16449,16747,17076
ladu:East Cambridgeshire,E07000009,16910,17190,17381,17808,18009,18347,18779
ladu:Fenland,E07000010,22077,22415,22704,23043,23273,23576,24018
ladu:Huntingdonshire,E07000011,33754,34377,34936,35586,36088,36851,37518
ladu:South Cambridgeshire,E07000012,29307,29856,30306,30793,31392,32097,32730
ladu:Basildon,E07000066,31415,31592,31741,32020,31988,31994,32262
ladu:Braintree,E07000067,29607,30095,30567,31183,31582,32083,32638
ladu:Brentwood,E07000068,15546,15516,15489,15640,15591,15573,15745
ladu:Castle Point,E07000069,22119,22295,22478,22612,22740,22638,22871
ladu:Chelmsford,E07000070,33017,33505,34018,34459,34896,35276,35645
ladu:Colchester,E07000071,32278,32744,33313,33710,34151,34510,34955
ladu:Epping Forest,E07000072,25428,25621,25891,26126,26135,26370,26865
ladu:Harlow,E07000073,13139,13195,13272,13423,13472,13735,13813
ladu:Maldon,E07000074,15235,15572,15843,16177,16310,16702,17111
ladu:Rochford,E07000075,19419,19572,19755,19971,19958,20156,20384
ladu:Tendring,E07000076,41991,42553,42919,43526,43753,44137,44806
ladu:Uttlesford,E07000077,16571,16895,17248,17778,18049,18622,19209
ladu:Broxbourne,E07000095,17171,17237,17248,17349,17319,17279,17408
ladu:Dacorum,E07000096,25578,25879,26240,26554,26784,27117,27682
ladu:East Hertfordshire,E07000242,25276,25714,26134,26663,27147,27652,28290
ladu:Hertsmere,E07000098,18415,18558,18701,18991,19034,19285,19680
ladu:North Hertfordshire,E07000099,24625,24942,25132,25523,25712,26030,26399
ladu:St Albans,E07000240,24340,24492,24832,25235,25381,25697,25922
ladu:Stevenage,E07000243,13102,13195,13184,13352,13465,13585,13865
ladu:Three Rivers,E07000102,16589,16683,16671,16752,16960,17007,17205
ladu:Watford,E07000103,12368,12433,12596,12799,12872,12982,13214
ladu:Welwyn Hatfield,E07000241,18289,18407,18475,18764,18776,18940,19242
ladu:Breckland,E07000143,33085,33698,33999,34572,35058,35514,36247
ladu:Broadland,E07000144,32059,32502,33082,33602,33836,34290,34824
ladu:Great Yarmouth,E07000145,23058,23462,23703,23896,23975,24150,24376
ladu:King's Lynn and West Norfolk,E07000146,38286,38688,38944,39423,39531,40223,40649
ladu:North Norfolk,E07000147,32973,33455,33809,34120,34342,34770,34925
ladu:Norwich,E07000148,20703,20908,21063,21393,21572,21601,21771
ladu:South Norfolk,E07000149,31667,32241,32923,33588,34111,34718,35463
ladu:Babergh,E07000200,22732,23122,23571,24020,24276,24722,25431
ladu:Ipswich,E07000202,22123,22297,22439,22781,22902,23194,23477
ladu:Mid Suffolk,E07000203,23741,24299,24766,25325,25720,26157,26769
ladu:East Suffolk,E07000244,64205,65284,66268,67316,67852,68791,69949
ladu:West Suffolk,E07000245,35642,36090,36498,36977,37123,37617,38076
ladu:Camden,E09000007,25212,25216,25205,25335,25156,25013,25378
ladu:City of London,E09000001,1176,1200,1226,1218,1227,1240,1300
ladu:Hackney,E09000012,18798,18978,19407,19837,20221,20730,21266
ladu:Hammersmith and Fulham,E09000013,18075,18364,18581,18919,18992,19115,19446
ladu:Haringey,E09000014,25116,25800,26360,26910,27352,27978,28609
ladu:Islington,E09000019,19485,19632,19853,20083,20191,20463,20698
ladu:Kensington and Chelsea,E09000020,20815,20747,20803,20882,20783,20811,21287
ladu:Lambeth,E09000022,25067,25392,25994,26476,26937,27524,28344
ladu:Lewisham,E09000023,27421,27478,27776,28216,28419,28859,29596
ladu:Newham,E09000025,22302,23015,23495,24185,24688,25491,26261
ladu:Southwark,E09000028,23791,24127,24483,24999,25396,26020,26854
ladu:Tower Hamlets,E09000030,16179,16556,16826,17071,17234,17623,18400
ladu:Wandsworth,E09000032,29511,29989,30418,30926,31174,31645,32313
ladu:Westminster,E09000033,24903,25079,25058,25122,25016,25009,25498
ladu:Barking and Dagenham,E09000002,19396,19291,19129,19098,19076,19136,19429
ladu:Barnet,E09000003,52847,53420,54258,55080,55660,56566,57672
ladu:Bexley,E09000004,40124,40369,40508,40826,40898,41031,41477
ladu:Brent,E09000005,36156,36957,37848,38577,39100,39891,40672
ladu:Bromley,E09000006,57325,57535,57683,58168,58165,58361,58788
ladu:Croydon,E09000008,49636,50595,51267,52189,52761,53434,54468
ladu:Ealing,E09000009,40680,41555,42465,43329,43940,44787,46090
ladu:Enfield,E09000010,42393,43000,43636,44330,44672,45318,46006
ladu:Greenwich,E09000011,28541,28789,29127,29599,29857,30470,30904
ladu:Harrow,E09000015,37206,37781,38449,39144,39729,40507,41194
ladu:Havering,E09000016,46100,46207,46280,46602,46489,46195,46455
ladu:Hillingdon,E09000017,38721,39191,39640,40356,40923,41332,41897
ladu:Hounslow,E09000018,30676,31310,32128,32905,33554,34270,34936
ladu:Kingston upon Thames,E09000021,22897,23156,23477,23938,24176,24513,24901
ladu:Merton,E09000024,25455,25671,26123,26629,26873,27292,27829
ladu:Redbridge,E09000026,36195,36659,37025,37621,37831,38165,38975
ladu:Richmond upon Thames,E09000027,29163,29715,30275,30790,31225,31651,32323
ladu:Sutton,E09000029,30359,30565,30857,31340,31621,31867,32184
ladu:Waltham Forest,E09000031,27177,27301,27638,28007,28282,28597,29105
ladu:Bracknell Forest,E06000036,16555,16967,17482,17876,18433,19009,19575
ladu:Brighton and Hove,E06000043,38149,38184,38371,38687,38872,39237,39518
ladu:Isle of Wight,E06000046,37896,38839,39528,40423,40814,41300,41756
ladu:Medway,E06000035,43485,44156,44758,45546,46069,46334,46978
ladu:Milton Keynes,E06000042,34578,35759,36840,38012,38827,39932,41130
ladu:Portsmouth,E06000044,29824,30033,30293,30532,30676,30945,31297
ladu:Reading,E06000038,19827,20019,20302,20619,20759,21109,21448
ladu:Slough,E06000039,13985,14302,14521,14835,15133,15417,15732
ladu:Southampton,E06000045,33068,33186,33508,33908,34037,34406,34647
ladu:West Berkshire,E06000037,28508,29272,29866,30456,31008,31789,32295
ladu:Windsor and Maidenhead,E06000040,26940,27276,27605,28000,28125,28510,28952
ladu:Wokingham,E06000041,28091,28652,29229,29778,30095,30779,31327
ladu:Buckinghamshire,E06000060,97323,98624,100073,101812,102944,104473,106261
ladu:Eastbourne,E07000061,24603,24762,24772,24891,24910,25055,25326
ladu:Hastings,E07000062,17524,17597,17898,18313,18510,18497,18761
ladu:Lewes,E07000063,25163,25581,25912,26312,26377,26667,27012
ladu:Rother,E07000064,29164,29708,29968,30161,30343,30418,30717
ladu:Wealden,E07000065,40157,40722,41164,41677,42091,42778,43629
ladu:Basingstoke and Deane,E07000084,29402,29904,30526,31258,31679,32269,33069
ladu:East Hampshire,E07000085,26412,26968,27484,27969,28653,29355,30284
ladu:Eastleigh,E07000086,24451,24907,25358,25852,26389,26916,27530
ladu:Fareham,E07000087,26486,26821,27244,27585,27898,28286,28754
ladu:Gosport,E07000088,16575,16854,16999,17240,17352,17657,18001
ladu:Hart,E07000089,18161,18505,18779,19137,19379,19760,20267
ladu:Havant,E07000090,28751,29105,29441,29766,30097,30414,30839
ladu:New Forest,E07000091,49490,49993,50590,51211,51438,51921,52503
ladu:Rushmoor,E07000092,13792,14072,14391,14782,15019,15220,15523
ladu:Test Valley,E07000093,25673,26220,26577,26942,27341,27872,28594
ladu:Winchester,E07000094,24941,25342,25755,26092,26379,26789,27491
ladu:Ashford,E07000105,23984,24454,24861,25163,25648,26142,26749
ladu:Canterbury,E07000106,32356,32687,33186,33693,34114,34511,35086
ladu:Dartford,E07000107,15498,15580,15675,15905,15982,16087,16232
ladu:Dover,E07000108,26141,26471,26885,27365,27754,28055,28578
ladu:Gravesham,E07000109,18146,18203,18338,18432,18478,18475,18456
ladu:Maidstone,E07000110,31438,31912,32378,32856,33245,33835,34383
ladu:Sevenoaks,E07000111,24884,25006,25357,25638,25806,26095,26488
ladu:Folkestone and Hythe,E07000112,26066,26470,26871,27264,27455,27584,28031
ladu:Swale,E07000113,27450,27834,28177,28562,28744,29111,29535
ladu:Thanet,E07000114,32207,32527,32640,33114,33188,33408,33669
ladu:Tonbridge and Malling,E07000115,23729,24103,24511,24885,25220,25439,25810
ladu:Tunbridge Wells,E07000116,21596,21770,21918,22136,22391,22572,23029
ladu:Cherwell,E07000177,25567,26093,26578,27111,27641,28313,28897
ladu:Oxford,E07000178,17922,18112,18352,18691,18783,19155,19475
ladu:South Oxfordshire,E07000179,28147,28515,29003,29611,30044,30819,31559
ladu:Vale of White Horse,E07000180,25230,25717,26114,26727,27100,27641,28385
ladu:West Oxfordshire,E07000181,22546,22995,23381,23902,24340,24930,25629
ladu:Elmbridge,E07000207,23800,24060,24354,24677,24867,24944,25357
ladu:Epsom and Ewell,E07000208,14200,14362,14500,14551,14635,14680,14847
ladu:Guildford,E07000209,24008,24181,24356,24660,25045,25354,25577
ladu:Mole Valley,E07000210,19691,19847,20131,20412,20599,20914,21237
ladu:Reigate and Banstead,E07000211,25831,26029,26173,26481,26613,26885,27529
ladu:Runnymede,E07000212,14693,14711,14724,14976,15091,15208,15331
ladu:Spelthorne,E07000213,18224,18269,18309,18369,18521,18640,18666
ladu:Surrey Heath,E07000214,16750,16999,17186,17453,17689,18007,18377
ladu:Tandridge,E07000215,17466,17673,17876,18159,18207,18475,18722
ladu:Waverley,E07000216,26644,26876,27047,27607,27783,28173,28758
ladu:Woking,E07000217,16658,16707,16968,17152,17156,17303,17592
ladu:Adur,E07000223,14767,14909,14966,15115,15168,15292,15417
ladu:Arun,E07000224,44691,45299,45766,46161,46574,47144,47913
ladu:Chichester,E07000225,31447,31880,32345,33015,33346,33939,34443
ladu:Crawley,E07000226,14801,14963,15137,15389,15596,15811,15995
ladu:Horsham,E07000227,30415,31091,31683,32408,32864,33690,34476
ladu:Mid Sussex,E07000228,29507,29841,30360,30852,31036,31699,32230
ladu:Worthing,E07000229,24281,24359,24467,24761,24899,25132,25321
ladu:Bath and North East Somerset,E06000022,35443,35712,36309,36749,37097,37732,38149
"ladu:Bristol, City of",E06000023,59530,59771,59936,60508,60597,61007,61253
ladu:Cornwall,E06000052,133470,135921,137885,140535,142186,145092,147207
ladu:Isles of Scilly,E06000053,585,584,597,588,602,596,597
ladu:North Somerset,E06000024,49527,50091,50546,51160,51504,52198,52751
ladu:Plymouth,E06000026,46677,47246,47620,48109,48550,49290,50037
ladu:South Gloucestershire,E06000025,51093,51641,52299,53171,53788,54565,55330
ladu:Swindon,E06000030,33612,34182,34968,35946,36541,37385,38131
ladu:Torbay,E06000027,34783,35232,35746,36456,36915,37324,37610
ladu:Wiltshire,E06000054,101578,103631,105681,108316,110029,112458,114800
ladu:East Devon,E07000040,41957,42794,43486,44352,44724,45616,46252
ladu:Exeter,E07000041,20315,20626,20890,21212,21475,21878,22060
ladu:Mid Devon,E07000042,18396,18703,19040,19353,19675,20046,20447
ladu:North Devon,E07000043,23471,23795,24192,24681,25070,25651,26150
ladu:South Hams,E07000044,22964,23521,23967,24350,24829,25238,25722
ladu:Teignbridge,E07000045,33564,34308,35025,35738,36051,36615,37255
ladu:Torridge,E07000046,17768,18249,18565,18952,19146,19490,19872
ladu:West Devon,E07000047,14735,15059,15275,15660,15962,16409,16836
"ladu:Bournemouth, Christchurch and Poole",E06000058,83907,84600,85104,86154,86358,86865,87441
ladu:Dorset,E06000059,104067,105956,107675,109973,111331,113047,115068
ladu:Cheltenham,E07000078,21620,22063,22256,22653,22761,23053,23418
ladu:Cotswold,E07000079,21388,21905,22569,23011,23319,23811,24232
ladu:Forest of Dean,E07000080,20240,20584,21053,21444,21622,21927,22252
ladu:Gloucester,E07000081,20673,20938,21319,21572,21797,22280,22558
ladu:Stroud,E07000082,26025,26497,26956,27485,27867,28419,28901
ladu:Tewkesbury,E07000083,19357,19694,20138,20567,20824,21303,21678
ladu:Mendip,E07000187,25189,25703,26301,26902,27397,27832,28370
ladu:Sedgemoor,E07000188,27591,28273,28715,29243,29438,30025,30394
ladu:South Somerset,E07000189,40656,41391,42075,42846,43483,44246,44895
ladu:Somerset West and Taunton,E07000246,37279,38163,38894,39713,40188,40735,41415
ladu:Isle of Anglesey,W06000001,17220,17387,17470,17721,18104,18299,18514
ladu:Gwynedd,W06000002,26941,27029,26926,26969,27258,27408,27588
ladu:Conwy,W06000003,30542,30583,30689,31047,31338,31467,31629
ladu:Denbighshire,W06000004,22428,22635,22896,23167,23657,23885,24089
ladu:Flintshire,W06000005,31606,31997,32403,32767,33058,33370,33760
ladu:Wrexham,W06000006,25913,26169,26590,26996,27326,27547,27902
ladu:Powys,W06000023,34636,35030,35556,36135,36745,37353,37794
ladu:Ceredigion,W06000008,17340,17575,17659,17846,18215,18513,18714
ladu:Pembrokeshire,W06000009,30107,30549,30964,31382,31972,32503,32948
ladu:Carmarthenshire,W06000010,42445,43144,43555,44237,45226,45688,46444
ladu:Swansea,W06000011,47058,47318,47645,48278,48720,49231,49690
ladu:Neath Port Talbot,W06000012,28778,29068,29352,29719,30135,30229,30539
ladu:Bridgend,W06000013,28496,28932,29280,29712,30153,30353,30802
ladu:Vale of Glamorgan,W06000014,26485,27036,27597,28139,28743,29216,29732
ladu:Cardiff,W06000015,50116,50521,50844,51593,52320,52908,53900
ladu:Rhondda Cynon Taff,W06000016,44667,45169,45704,46303,46609,46787,47329
ladu:Merthyr Tydfil,W06000024,10813,10943,11058,11181,11185,11172,11221
ladu:Caerphilly,W06000018,33805,34149,34645,35114,35403,35613,36052
ladu:Blaenau Gwent,W06000019,13434,13511,13492,13652,13671,13638,13769
ladu:Torfaen,W06000020,18273,18387,18596,18914,19182,19298,19419
ladu:Monmouthshire,W06000021,22155,22544,22875,23192,23762,24140,24536
ladu:Newport,W06000022,26014,26221,26561,26845,27035,27187,27369
ladu:Aberdeen City,S12000033,34832,35292,35532,36157,36611,37341,-
ladu:Aberdeenshire,S12000034,47771,48806,49799,51073,52106,53617,-
ladu:Angus,S12000041,26487,26805,27288,27790,28041,28464,-
ladu:Argyll and Bute,S12000035,21556,21837,21960,22210,22342,22777,-
ladu:Clackmannanshire,S12000005,9883,10050,10227,10461,10576,10718,-
ladu:Dumfries and Galloway,S12000006,36907,37409,37879,38570,39058,39562,-
ladu:Dundee City,S12000042,25967,25942,25987,26067,26040,26243,-
ladu:East Ayrshire,S12000008,23917,24187,24553,24952,25220,25574,-
ladu:East Dunbartonshire,S12000045,23405,23697,24067,24476,24733,25065,-
ladu:East Lothian,S12000010,20398,20856,21170,21731,22192,22865,-
ladu:East Renfrewshire,S12000011,18353,18694,18897,19186,19441,19846,-
ladu:City of Edinburgh,S12000036,75933,77068,78060,79355,79979,81277,-
ladu:Na h-Eileanan Siar,S12000013,6639,6756,6825,6895,6973,7072,-
ladu:Falkirk,S12000014,29157,29530,30006,30449,30655,31115,-
ladu:Fife,S12000047,73658,74592,75590,77024,78169,79415,-
ladu:Glasgow City,S12000049,83790,83972,84265,85164,85623,86604,-
ladu:Highland,S12000017,50076,51039,51996,53088,54001,55224,-
ladu:Inverclyde,S12000018,16169,16283,16382,16508,16495,16721,-
ladu:Midlothian,S12000019,16392,16686,17029,17383,17570,17867,-
ladu:Moray,S12000020,19754,20054,20423,20716,21071,21534,-
ladu:North Ayrshire,S12000021,29227,29720,30074,30532,30847,31294,-
ladu:North Lanarkshire,S12000050,56497,57255,58004,59099,59811,60616,-
ladu:Orkney Islands,S12000023,4967,5073,5234,5306,5443,5540,-
ladu:Perth and Kinross,S12000048,33916,34515,35199,35834,36317,36998,-
ladu:Renfrewshire,S12000038,32665,32948,33288,33887,34153,34585,-
ladu:Scottish Borders,S12000026,27243,27699,28103,28616,29084,29655,-
ladu:Shetland Islands,S12000027,4403,4482,4555,4686,4807,4924,-
ladu:South Ayrshire,S12000028,27257,27780,28186,28744,28955,29362,-
ladu:South Lanarkshire,S12000029,59375,60256,61297,62706,63480,64500,-
ladu:Stirling,S12000030,17425,17737,18002,18264,18516,18791,-
ladu:West Dunbartonshire,S12000039,16191,16329,16427,16731,16868,17142,-
ladu:West Lothian,S12000040,28642,29218,29810,30485,30903,31553,-
ladu:Antrim and Newtownabbey,N09000001,22801,23179,23635,24123,24521,25315,-
"ladu:Armagh City, Banbridge and Craigavon",N09000002,31683,32265,32811,33530,34167,35336,-
ladu:Belfast,N09000003,49507,49847,50078,50825,51250,51188,-
ladu:Causeway Coast and Glens,N09000004,25004,25525,26102,26654,27090,27602,-
ladu:Derry City and Strabane,N09000005,21505,21975,22377,22914,23428,24315,-
ladu:Fermanagh and Omagh,N09000006,18623,19102,19577,20050,20509,21648,-
ladu:Lisburn and Castlereagh,N09000007,24109,24468,24952,25439,25847,26423,-
ladu:Mid and East Antrim,N09000008,25347,25703,26040,26526,26924,27551,-
ladu:Mid Ulster,N09000009,20147,20591,21065,21590,21992,22723,-
"ladu:Newry, Mourne and Down",N09000010,26578,27218,27805,28532,29124,30637,-
ladu:Ards and North Down,N09000011,32451,33102,33755,34541,35097,36497,-
