Code,Name,Geography,Area (sq km),Estimated Population mid-2022,2022 people per sq. km,Estimated Population mid-2021,2021 people per sq. km,Estimated Population mid-2020,2020 people per sq. km,Estimated Population mid-2019,2019 people per sq. km,Estimated Population mid-2018,2018 people per sq. km,Estimated Population mid-2017,2017 people per sq. km,Estimated Population mid-2016,2016 people per sq. km,Estimated Population mid-2015,2015 people per sq. km,Estimated Population mid-2014,2014 people per sq. km,Estimated Population mid-2013,2013 people per sq. km,Estimated Population mid-2012,2012 people per sq. km,Estimated Population mid-2011,2011 people per sq. km
K04000001,ENGLAND AND WALES,Country,151046.9855,60245218,399,59660524,395,59430444,393,59317788,393,59008368,391,58700914,389,58366199,386,57881415,383,57444107,380,56989744,377,56577740,375,56170927,372
E92000001,ENGLAND,Country,130310.4675,57112542,438,56554891,434,56325961,432,56230056,432,55924528,429,55619548,427,55289034,424,54808676,421,54370319,417,53918686,414,53506812,411,53107169,408
E12000001,NORTH EAST,Region,8580.7864,2682069,313,2647493,309,2637426,307,2636676,307,2629393,306,2623787,306,2618253,305,2611804,304,2610482,304,2603299,303,2598972,303,2596441,303
E06000047,County Durham,Unitary Authority,2225.861,527704,237,521447,234,519204,233,518562,233,516648,232,515911,232,514431,231,513924,231,513604,231,513179,231,513122,231,512994,230
E06000005,Darlington,Unitary Authority,197.4779,109413,554,108210,548,106827,541,106532,539,106411,539,106541,540,106258,538,105988,537,105825,536,105591,535,105557,535,105584,535
E06000001,Hartlepool,Unitary Authority,93.717,93847,1001,92575,988,92202,984,92401,986,92288,985,92306,985,92260,984,92125,983,92358,985,92465,987,92344,985,92088,983
E06000002,Middlesbrough,Unitary Authority,53.8818,148583,2758,143943,2671,142459,2644,142134,2638,141057,2618,141213,2621,140649,2610,139602,2591,139030,2580,138588,2572,138472,2570,138368,2568
E06000057,Northumberland,Unitary Authority,5019.8978,324286,65,321532,64,318490,63,318027,63,316153,63,315663,63,314327,63,314188,63,315274,63,315013,63,315924,63,316278,63
E06000003,Redcar and Cleveland,Unitary Authority,245.0696,137168,560,136605,557,136571,557,136699,558,136276,556,135584,553,135344,552,135370,552,135106,551,134838,550,134951,551,135164,552
E06000004,Stockton-on-Tees,Unitary Authority,204.9332,200112,976,197032,961,196388,958,196860,961,197509,964,197046,962,196412,958,195790,955,195113,952,193923,946,192837,941,191824,936
E11000007,Tyne and Wear (Met County),Metropolitan County,539.9481,1140956,2113,1126149,2086,1125285,2084,1125461,2084,1123051,2080,1119523,2073,1118572,2072,1114817,2065,1114172,2063,1109702,2055,1105765,2048,1104141,2045
E08000037,Gateshead,Metropolitan District,142.3392,197922,1390,196179,1378,197342,1386,198435,1394,199915,1404,200660,1410,201359,1415,201271,1414,200728,1410,200299,1407,200252,1407,200349,1408
E08000021,Newcastle upon Tyne,Metropolitan District,113.4515,306402,2701,298545,2631,298426,2630,297087,2619,294955,2600,291759,2572,290316,2559,287955,2538,286876,2529,284371,2507,280869,2476,279092,2460
E08000022,North Tyneside,Metropolitan District,82.3005,210512,2558,209128,2541,208015,2528,207294,2519,205766,2500,204492,2485,203743,2476,202953,2466,203211,2469,202268,2458,201566,2449,201206,2445
E08000023,South Tyneside,Metropolitan District,64.4205,148608,2307,147919,2296,147919,2296,148368,2303,148076,2299,147796,2294,147664,2292,147230,2285,147606,2291,147517,2290,147761,2294,148164,2300
E08000024,Sunderland,Metropolitan District,137.4364,277512,2019,274378,1996,273583,1991,274277,1996,274339,1996,274816,2000,275490,2004,275408,2004,275751,2006,275247,2003,275317,2003,275330,2003
E12000002,NORTH WEST,Region,14108.0061,7515718,533,7424092,526,7380605,523,7363267,522,7316116,519,7275765,516,7234141,513,7182651,509,7141096,506,7105146,504,7079344,502,7055961,500
E06000008,Blackburn with Darwen,Unitary Authority,137.0223,155823,1137,154954,1131,154564,1128,154066,1124,152787,1115,152312,1112,151497,1106,150490,1098,149579,1092,149148,1088,148532,1084,147657,1078
E06000009,Blackpool,Unitary Authority,34.8708,141648,4062,140976,4043,141560,4060,142407,4084,141880,4069,142121,4076,141996,4072,141788,4066,142253,4079,142733,4093,142565,4088,142080,4074
E06000049,Cheshire East,Unitary Authority,1166.3578,406587,349,400474,343,393203,337,390556,335,386891,332,384221,329,381414,327,378511,325,376574,323,373956,321,372501,319,370736,318
E06000050,Cheshire West and Chester,Unitary Authority,920.018,361799,393,357730,389,354738,386,353362,384,350076,381,346040,376,342424,372,339181,369,336437,366,333476,362,331231,360,329526,358
E06000006,Halton,Unitary Authority,79.0842,129008,1631,128570,1626,128508,1625,128456,1624,127873,1617,127038,1606,126851,1604,126464,1599,126335,1597,125889,1592,125596,1588,125722,1590
E06000007,Warrington,Unitary Authority,180.628,211797,1173,211182,1169,211627,1172,212245,1175,212008,1174,212137,1174,210873,1167,209575,1160,208056,1152,205905,1140,203914,1129,202709,1122
E10000006,Cumbria,County,6767.9459,502979,74,500729,74,498439,74,499171,74,498941,74,498693,74,498946,74,498718,74,498303,74,498080,74,498835,74,499817,74
E07000026,Allerdale,Non-metropolitan District,1242.1502,96556,78,96368,78,96032,77,96159,77,96275,78,96221,77,96359,78,96194,77,96105,77,95984,77,96124,77,96444,78
E07000027,Barrow-in-Furness,Non-metropolitan District,77.8971,67354,865,67384,865,67413,865,67719,869,67677,869,67592,868,67870,871,67879,871,67918,872,67982,873,68502,879,69056,887
E07000028,Carlisle,Non-metropolitan District,1038.2966,111350,107,110250,106,109291,105,109447,105,109211,105,109030,105,108899,105,108525,105,108349,104,108129,104,107968,104,107475,104
E07000029,Copeland,Non-metropolitan District,731.7607,67425,92,67170,92,67121,92,67403,92,67770,93,68207,93,68934,94,69476,95,69685,95,69919,96,70193,96,70627,97
E07000030,Eden,Non-metropolitan District,2142.3759,55473,26,54951,26,54248,25,53655,25,53370,25,53172,25,53015,25,52885,25,52831,25,52671,25,52684,25,52502,25
E07000031,South Lakeland,Non-metropolitan District,1535.4654,104821,68,104606,68,104334,68,104788,68,104638,68,104471,68,103869,68,103759,68,103415,67,103395,67,103364,67,103713,68
E11000001,Greater Manchester (Met County),Metropolitan County,1275.9813,2910993,2281,2869531,2249,2856110,2238,2847959,2232,2823878,2213,2804283,2198,2784566,2182,2756962,2161,2733895,2143,2714958,2128,2700093,2116,2685386,2105
E08000001,Bolton,Metropolitan District,139.7921,299153,2140,296169,2119,295712,2115,294888,2109,291594,2086,289684,2072,287253,2055,284972,2039,283212,2026,281629,2015,279738,2001,277296,1984
E08000002,Bury,Metropolitan District,99.46,194590,1956,193866,1949,193604,1947,193763,1948,192900,1939,191896,1929,190470,1915,189254,1903,188406,1894,187093,1881,186632,1876,185422,1864
E08000003,Manchester,Metropolitan District,115.6485,566778,4901,550630,4761,547340,4733,545947,4721,540675,4675,536961,4643,533446,4613,523321,4525,515360,4456,510783,4417,506869,4383,502902,4349
E08000004,Oldham,Metropolitan District,142.3448,243993,1714,242003,1700,242181,1701,242077,1701,239923,1686,237161,1666,235021,1651,232693,1635,230348,1618,227866,1601,226057,1588,225157,1582
E08000005,Rochdale,Metropolitan District,158.1283,226950,1435,224127,1417,223024,1410,222042,1404,219969,1391,218492,1382,216251,1368,214560,1357,213462,1350,212503,1344,212345,1343,211929,1340
E08000006,Salford,Metropolitan District,97.1974,278867,2869,270866,2787,266090,2738,263611,2712,259224,2667,255090,2624,251562,2588,246942,2541,242602,2496,239718,2466,237421,2443,234487,2412
E08000007,Stockport,Metropolitan District,126.0404,297191,2358,295268,2343,293851,2331,293172,2326,291631,2314,290905,2308,289879,2300,288210,2287,286267,2271,284816,2260,283953,2253,283253,2247
E08000008,Tameside,Metropolitan District,103.1542,232806,2257,231220,2241,230521,2235,229952,2229,228435,2215,226692,2198,225480,2186,223642,2168,222364,2156,221446,2147,220457,2137,219727,2130
E08000009,Trafford,Metropolitan District,106.0447,236651,2232,235586,2222,235937,2225,236121,2227,235623,2222,234917,2215,233710,2204,232504,2193,231799,2186,230367,2172,228512,2155,227091,2141
E08000010,Wigan,Metropolitan District,188.1709,334014,1775,329796,1753,327850,1742,326386,1735,323904,1721,322485,1714,321494,1709,320864,1705,320075,1701,318737,1694,318109,1691,318122,1691
E10000017,Lancashire,County,2893.9028,1253922,433,1236228,427,1224128,423,1217384,421,1208672,418,1202420,416,1195310,413,1189153,411,1183512,409,1178586,407,1174321,406,1171558,405
E07000117,Burnley,Non-metropolitan District,110.6839,95655,864,94734,856,93927,849,92949,840,91994,831,90902,821,89891,812,89230,806,88786,802,87795,793,87563,791,87032,786
E07000118,Chorley,Non-metropolitan District,202.7622,118623,585,117908,582,117178,578,116762,576,115739,571,114810,566,113593,560,112418,554,111174,548,110160,543,108916,537,107591,531
E07000119,Fylde,Non-metropolitan District,165.6975,82990,501,81750,493,80176,484,79852,482,79191,478,78423,473,77886,470,77135,466,76907,464,76253,460,75901,458,76098,459
E07000120,Hyndburn,Non-metropolitan District,73.0066,83215,1140,82271,1127,82144,1125,81954,1123,81778,1120,81392,1115,81242,1113,80781,1106,80707,1105,80316,1100,80362,1101,80549,1103
E07000121,Lancaster,Non-metropolitan District,566.9314,144561,255,142351,251,140881,248,139795,247,138995,245,138678,245,138572,244,138102,244,138469,244,138695,245,138452,244,137823,243
E07000122,Pendle,Non-metropolitan District,169.38,96197,568,95819,566,95099,561,94896,560,93872,554,93066,549,92502,546,91531,540,90803,536,90720,536,89873,531,89576,529
E07000123,Preston,Non-metropolitan District,142.2842,151869,1067,147786,1039,145912,1025,144624,1016,142417,1001,141734,996,140468,987,140615,988,140158,985,140302,986,140216,985,140054,984
E07000124,Ribble Valley,Non-metropolitan District,583.1764,63140,108,61865,106,60780,104,59903,103,59452,102,59066,101,58611,101,58275,100,57911,99,57692,99,57509,99,57292,98
E07000125,Rossendale,Non-metropolitan District,138.0411,71187,516,71008,514,70811,513,70884,513,70515,511,70084,508,69475,503,69196,501,68931,499,68505,496,68144,494,68053,493
E07000126,South Ribble,Non-metropolitan District,113.1417,112201,992,111203,983,110613,978,110477,976,110334,975,110348,975,110253,974,109873,971,109357,967,108916,963,108879,962,109181,965
E07000127,West Lancashire,Non-metropolitan District,346.6333,119360,344,117099,338,116198,335,115744,334,115366,333,115210,332,114243,330,113536,328,112544,325,111735,322,111040,320,110617,319
E07000128,Wyre,Non-metropolitan District,282.1645,114924,407,112434,398,110409,391,109544,388,109019,386,108707,385,108574,385,108461,384,107765,382,107497,381,107466,381,107692,382
E11000002,Merseyside (Met County),Metropolitan County,652.195,1441162,2210,1423718,2183,1417728,2174,1417661,2174,1413110,2167,1406500,2157,1400264,2147,1391809,2134,1386152,2125,1382415,2120,1381756,2119,1380770,2117
E08000011,Knowsley,Metropolitan District,86.5001,157107,1816,154978,1792,153408,1774,151793,1755,150042,1735,148567,1718,147928,1710,147300,1703,146562,1694,146370,1692,146227,1690,145903,1687
E08000012,Liverpool,Metropolitan District,111.8358,495849,4434,485022,4337,483348,4322,484687,4334,483598,4324,479801,4290,475486,4252,469953,4202,465745,4165,465815,4165,465365,4161,465656,4164
E08000014,Sefton,Metropolitan District,156.5785,281039,1795,279693,1786,278621,1779,278908,1781,277890,1775,276962,1769,276707,1767,275546,1760,275143,1757,273814,1749,273979,1750,273969,1750
E08000013,St. Helens,Metropolitan District,136.3587,184728,1355,183394,1345,182102,1335,181541,1331,180937,1327,180150,1321,179229,1314,178296,1308,177785,1304,176451,1294,176214,1292,175405,1286
E08000015,Wirral,Metropolitan District,160.9219,322439,2004,320631,1992,320249,1990,320732,1993,320643,1993,321020,1995,320914,1994,320714,1993,320917,1994,319965,1988,319971,1988,319837,1988
E12000003,YORKSHIRE AND THE HUMBER,Region,15404.4569,5538213,360,5482455,356,5468487,355,5464651,355,5443883,353,5427784,352,5408058,351,5377362,349,5356428,348,5335092,346,5313486,345,5288212,343
E06000011,East Riding of Yorkshire,Unitary Authority,2403.5994,346316,144,343145,143,341050,142,338944,141,337192,140,336697,140,336323,140,334735,139,335625,140,334572,139,334972,139,334673,139
E06000010,"Kingston upon Hull, City of",Unitary Authority,71.5837,268677,3753,266516,3723,267591,3738,268749,3754,268223,3747,267566,3738,265338,3707,262711,3670,260896,3645,259094,3619,258085,3605,256123,3578
E06000012,North East Lincolnshire,Unitary Authority,192.6229,157745,819,157188,816,157313,817,157957,820,158460,823,158699,824,158877,825,159140,826,159420,828,159456,828,159408,828,159735,829
E06000013,North Lincolnshire,Unitary Authority,846.5402,170085,201,169929,201,170034,201,170283,201,170384,201,170616,202,170174,201,169212,200,168816,199,168309,199,167974,198,167516,198
E06000014,York,Unitary Authority,271.9312,204115,751,201851,742,202169,743,203877,750,203906,750,203546,749,202892,746,203212,747,202206,744,201168,740,199157,732,197783,727
E10000023,North Yorkshire,County,8037.3722,623896,78,618627,77,610899,76,610660,76,607735,76,607291,76,605770,75,603711,75,603672,75,604151,75,603963,75,601206,75
E07000163,Craven,Non-metropolitan District,1177.3883,57812,49,57068,48,56508,48,56631,48,56374,48,56389,48,56146,48,55748,47,55721,47,55543,47,55607,47,55459,47
E07000164,Hambleton,Non-metropolitan District,1311.2563,92076,70,91001,69,89584,68,89525,68,89251,68,89415,68,89443,68,89322,68,89361,68,89593,68,89602,68,89602,68
E07000165,Harrogate,Non-metropolitan District,1307.9373,165906,127,164050,125,160835,123,160418,123,160085,122,159956,122,159545,122,159844,122,159708,122,159798,122,159727,122,158683,121
E07000166,Richmondshire,Non-metropolitan District,1318.7027,50108,38,50313,38,50560,38,51135,39,50871,39,51713,39,52141,40,51125,39,51820,39,53407,40,53807,41,53287,40
E07000167,Ryedale,Non-metropolitan District,1506.5307,55326,37,54891,36,54290,36,54273,36,53971,36,53702,36,53445,35,53055,35,52694,35,52240,35,52034,35,51893,34
E07000168,Scarborough,Non-metropolitan District,816.2413,109055,134,108914,133,108409,133,108904,133,108768,133,108659,133,108334,133,108438,133,108639,133,108636,133,108855,133,108735,133
E07000169,Selby,Non-metropolitan District,599.3156,93613,156,92390,154,90713,151,89774,150,88415,148,87457,146,86716,145,86179,144,85729,143,84934,142,84331,141,83547,139
E11000003,South Yorkshire (Met County),Metropolitan County,1551.5487,1390381,896,1374792,886,1373015,885,1374386,886,1372522,885,1368187,882,1366070,880,1359690,876,1356290,874,1352510,872,1348437,869,1343805,866
E08000016,Barnsley,Metropolitan District,329.0777,246448,749,244887,744,244201,742,243558,740,242360,736,241287,733,240061,729,238242,724,236421,718,234875,714,233259,709,231865,705
E08000017,Doncaster,Metropolitan District,568.0064,310964,547,308697,543,308185,543,308438,543,308237,543,307058,541,306137,539,304311,536,303673,535,302991,533,302626,533,302468,533
E08000018,Rotherham,Metropolitan District,286.5344,268267,936,266173,929,265593,927,265991,928,265154,925,264167,922,263273,919,262063,915,261391,912,259391,905,258710,903,257716,899
E08000019,Sheffield,Metropolitan District,367.9302,564702,1535,555035,1509,555036,1509,556399,1512,556771,1513,555675,1510,556599,1513,555074,1509,554805,1508,555253,1509,553842,1505,551756,1500
E11000006,West Yorkshire (Met County),Metropolitan County,2029.2586,2376998,1171,2350407,1158,2346416,1156,2339795,1153,2325461,1146,2315182,1141,2302614,1135,2284951,1126,2269503,1118,2255832,1112,2241490,1105,2227371,1098
E08000032,Bradford,Metropolitan District,366.4197,553044,1509,546839,1492,547141,1493,545966,1490,542542,1481,540447,1475,538178,1469,534919,1460,531795,1451,528712,1443,525522,1434,523115,1428
E08000033,Calderdale,Metropolitan District,363.9609,207660,571,206828,568,206976,569,207729,571,207215,569,207459,570,207744,571,207027,569,206614,568,205854,566,205116,564,204170,561
E08000034,Kirklees,Metropolitan District,408.5516,437794,1072,433458,1061,432878,1060,433259,1060,433571,1061,433393,1061,432588,1059,431110,1055,429036,1050,427009,1045,424922,1040,422970,1035
E08000035,Leeds,Metropolitan District,551.7067,820802,1488,809479,1467,808443,1465,804640,1458,797696,1446,793134,1438,786739,1426,777987,1410,770434,1396,764369,1385,758029,1374,750683,1361
E08000036,Wakefield,Metropolitan District,338.6197,357698,1056,353803,1045,350978,1036,348201,1028,344437,1017,340749,1006,337365,996,333908,986,331624,979,329888,974,327901,968,326433,964
E12000004,EAST MIDLANDS,Region,15623.5227,4934832,316,4881559,312,4855469,311,4844001,310,4815151,308,4778346,306,4731615,303,4681640,300,4642629,297,4604568,295,4570702,293,4537448,290
E06000015,Derby,Unitary Authority,78.0312,263620,3378,261260,3348,261999,3358,263014,3371,262395,3363,261104,3346,259883,3331,257406,3299,255320,3272,253812,3253,251804,3227,248943,3190
E06000016,Leicester,Unitary Authority,73.3422,372495,5079,366940,5003,368922,5030,369776,5042,367094,5005,361895,4934,356789,4865,349853,4770,342917,4676,338852,4620,334099,4555,329627,4494
E06000018,Nottingham,Unitary Authority,74.6134,327424,4388,319978,4288,322822,4327,323160,4331,322323,4320,320378,4294,317625,4257,313265,4199,310339,4159,308681,4137,307436,4120,303899,4073
E06000017,Rutland,Unitary Authority,381.8311,41225,108,41342,108,40633,106,40175,105,40053,105,39831,104,39044,102,38438,101,38294,100,37833,99,37114,97,37581,98
E06000061,North Northamptonshire,Unitary Authority,986.5946,363244,368,360418,365,356437,361,354848,360,351998,357,347704,352,341647,346,335250,340,330649,335,325788,330,322316,327,317959,322
E06000062,West Northamptonshire,Unitary Authority,1377.4109,429511,312,426707,310,422559,307,422168,306,417242,303,411732,299,405019,294,397939,289,391024,284,385699,280,380827,276,376008,273
E10000007,Derbyshire,County,2546.7562,803455,315,796710,313,790833,311,788880,310,784926,308,782882,307,779957,306,777373,305,776326,305,774002,304,772590,303,770688,303
E07000032,Amber Valley,Non-metropolitan District,265.4379,126934,478,126442,476,125953,475,125791,474,124804,470,124225,468,123411,465,122835,463,123018,463,122856,463,122438,461,122521,462
E07000033,Bolsover,Non-metropolitan District,160.3346,81541,509,80473,502,79647,497,79178,494,78566,490,78444,489,77870,486,77625,484,77074,481,76811,479,76505,477,76029,474
E07000034,Chesterfield,Non-metropolitan District,66.0353,104104,1576,103673,1570,103761,1571,104154,1577,104056,1576,104236,1578,104347,1580,104415,1581,104285,1579,104102,1576,103835,1572,103788,1572
E07000035,Derbyshire Dales,Non-metropolitan District,792.4243,71755,91,71659,90,70972,90,71190,90,71130,90,71092,90,70883,89,70893,89,71154,90,71148,90,71272,90,71104,90
E07000036,Erewash,Non-metropolitan District,109.6301,113073,1031,113039,1031,113348,1034,113711,1037,114181,1042,114129,1041,114249,1042,113984,1040,113639,1037,112871,1030,112716,1028,112249,1024
E07000037,High Peak,Non-metropolitan District,539.1434,91106,169,91079,169,90909,169,91170,169,90895,169,90991,169,90812,168,90766,168,90860,169,90930,169,90983,169,90982,169
E07000038,North East Derbyshire,Non-metropolitan District,275.6237,103797,377,102294,371,100978,366,100371,364,100100,363,99897,362,99755,362,99173,360,99083,359,99091,360,99320,360,99100,360
E07000039,South Derbyshire,Non-metropolitan District,338.1269,111145,329,108051,320,105265,311,103315,306,101194,299,99868,295,98630,292,97682,289,97213,288,96193,284,95521,283,94915,281
E10000018,Leicestershire,County,2082.8939,722940,347,712632,342,705536,339,700817,336,695090,334,687456,330,678088,326,671115,322,665412,319,658881,316,655098,315,651179,313
E07000129,Blaby,Non-metropolitan District,130.4687,104283,799,103271,792,102293,784,101777,780,100767,772,99366,762,98014,751,96604,740,95964,736,95045,728,94656,726,94132,721
E07000130,Charnwood,Non-metropolitan District,279.0426,185266,664,182906,655,182108,653,180988,649,179191,642,176997,634,174625,626,172909,620,170946,613,168766,605,167474,600,165876,594
E07000131,Harborough,Non-metropolitan District,591.7966,100550,170,98254,166,95288,161,93661,158,92648,157,91718,155,90610,153,89402,151,87991,149,87346,148,86350,146,85699,145
E07000132,Hinckley and Bosworth,Non-metropolitan District,297.3514,114315,384,113653,382,113051,380,112688,379,112245,377,111431,375,109920,370,108609,365,107468,361,106415,358,105955,356,105328,354
E07000133,Melton,Non-metropolitan District,481.3806,52404,109,51756,108,51583,107,51470,107,51331,107,51113,106,51146,106,51013,106,50990,106,50891,106,50814,106,50495,105
E07000134,North West Leicestershire,Non-metropolitan District,279.3279,107666,385,105004,376,103344,370,102461,367,101195,362,99315,356,97729,350,96362,345,95270,341,94358,338,93805,336,93670,335
E07000135,Oadby and Wigston,Non-metropolitan District,23.5261,58456,2485,57788,2456,57869,2460,57772,2456,57713,2453,57516,2445,56044,2382,56216,2390,56783,2414,56060,2383,56044,2382,55979,2379
E10000019,Lincolnshire,County,5937.3375,775864,131,769440,130,763610,129,761263,128,757281,128,753031,127,746141,126,738351,124,732981,123,725901,122,719807,121,714768,120
E07000136,Boston,Non-metropolitan District,364.0085,70831,195,70815,195,70181,193,70226,193,70132,193,69673,191,68589,188,67586,186,67142,184,66612,183,65264,179,64615,178
E07000137,East Lindsey,Non-metropolitan District,1766.7736,144400,82,142916,81,141665,80,142039,80,141073,80,140072,79,138488,78,137753,78,137342,78,136399,77,136431,77,136683,77
E07000138,Lincoln,Non-metropolitan District,35.6901,102964,2885,102411,2869,103531,2901,103604,2903,103212,2892,102241,2865,100679,2821,99442,2786,98482,2759,97452,2731,95501,2676,93085,2608
E07000139,North Kesteven,Non-metropolitan District,922.4714,119689,130,118502,128,117057,127,115821,126,114860,125,114423,124,113063,123,111665,121,110746,120,109654,119,109139,118,108518,118
E07000140,South Holland,Non-metropolitan District,750.0762,96964,129,95490,127,94029,125,93467,125,92964,124,92587,123,91970,123,90802,121,89914,120,89046,119,88502,118,88390,118
E07000141,South Kesteven,Non-metropolitan District,942.5857,144228,153,143751,153,142869,152,142212,151,141616,150,141116,150,140409,149,138915,147,138082,146,136342,145,135092,143,134125,142
E07000142,West Lindsey,Non-metropolitan District,1155.732,96788,84,95555,83,94278,82,93894,81,93424,81,92919,80,92943,80,92188,80,91273,79,90396,78,89878,78,89352,77
E10000024,Nottinghamshire,County,2084.7117,835054,401,826132,396,822118,394,819900,393,816749,392,812333,390,807422,387,802650,385,799367,383,795119,381,789611,379,786796,377
E07000170,Ashfield,Non-metropolitan District,109.5581,127101,1160,126356,1153,126687,1156,126521,1155,126076,1151,125410,1145,123989,1132,123115,1124,122199,1115,121352,1108,119990,1095,119522,1091
E07000171,Bassetlaw,Non-metropolitan District,637.8035,119985,188,118327,186,117068,184,116485,183,116212,182,115757,181,114879,180,114393,179,114026,179,113577,178,113248,178,113003,177
E07000172,Broxtowe,Non-metropolitan District,80.0988,112395,1403,110796,1383,111397,1391,111257,1389,110937,1385,110573,1380,110346,1378,110398,1378,110527,1380,110470,1379,110300,1377,109749,1370
E07000173,Gedling,Non-metropolitan District,119.9818,117682,981,117291,978,117141,976,117129,976,117092,976,116451,971,116418,970,115977,967,115840,965,114963,958,114062,951,113741,948
E07000174,Mansfield,Non-metropolitan District,76.6974,111070,1448,110592,1442,109964,1434,110237,1437,109946,1434,109461,1427,108952,1421,107510,1402,106514,1389,105771,1379,104995,1369,104551,1363
E07000175,Newark and Sherwood,Non-metropolitan District,651.3403,125056,192,123352,189,121831,187,121624,187,121025,186,120455,185,119388,183,118248,182,117638,181,116670,179,115773,178,114982,177
E07000176,Rushcliffe,Non-metropolitan District,409.2318,121765,298,119418,292,118030,288,116647,285,115461,282,114226,279,113450,277,113009,276,112623,275,112316,274,111243,272,111248,272
E12000005,WEST MIDLANDS,Region,12998.2645,6017026,463,5956226,458,5931924,456,5920977,456,5889328,453,5855052,450,5812248,447,5756287,443,5716882,440,5676945,437,5640325,434,5608667,431
E06000019,"Herefordshire, County of",Unitary Authority,2179.7085,188696,87,187522,86,185886,85,186373,86,186511,86,186687,86,186225,85,185778,85,185523,85,184748,85,184208,85,183619,84
E06000051,Shropshire,Unitary Authority,3197.2756,327479,102,324669,102,321054,100,319729,100,317112,99,315232,99,312836,98,310751,97,309436,97,308181,96,307921,96,307108,96
E06000021,Stoke-on-Trent,Unitary Authority,93.4485,260008,2782,258102,2762,258866,2770,259181,2774,258843,2770,258235,2763,256168,2741,254095,2719,253316,2711,251568,2692,250322,2679,248719,2662
E06000020,Telford and Wrekin,Unitary Authority,290.3137,189000,651,185857,640,183483,632,182081,627,179548,618,177528,612,175352,604,172898,596,170610,588,169014,582,167964,579,166831,575
E10000028,Staffordshire,County,2620.2884,886294,338,877808,335,872087,333,870117,332,866810,331,863528,330,861230,329,857167,327,856391,327,854573,326,850682,325,849546,324
E07000192,Cannock Chase,Non-metropolitan District,78.8825,101144,1282,100595,1275,99565,1262,98983,1255,98553,1249,97693,1238,97312,1234,97502,1236,97703,1239,97578,1237,97537,1236,97582,1237
E07000193,East Staffordshire,Non-metropolitan District,386.9593,125692,325,124486,322,123096,318,122052,315,120861,312,119782,310,118986,307,117657,304,116812,302,115724,299,114853,297,113858,294
E07000194,Lichfield,Non-metropolitan District,331.2944,108337,327,106883,323,105008,317,104179,314,103163,311,102975,311,102624,310,102430,309,101910,308,101808,307,101286,306,100911,305
E07000195,Newcastle-under-Lyme,Non-metropolitan District,210.9571,125404,594,123039,583,124567,590,125075,593,125755,596,125303,594,125367,594,123919,587,124162,589,123872,587,123132,584,123878,587
E07000196,South Staffordshire,Non-metropolitan District,407.3224,111530,274,110787,272,110243,271,110478,271,110338,271,110302,271,109814,270,109704,269,109886,270,109840,270,108331,266,108318,266
E07000197,Stafford,Non-metropolitan District,598.1722,138644,232,137201,229,135685,227,135286,226,134069,224,133199,223,132507,222,131221,219,131312,220,131485,220,131324,220,130895,219
E07000198,Staffordshire Moorlands,Non-metropolitan District,575.8498,95904,167,95975,167,95955,167,96366,167,96591,168,96947,168,96932,168,97102,169,97235,169,96958,168,96936,168,97209,169
E07000199,Tamworth,Non-metropolitan District,30.8507,79639,2581,78842,2556,77968,2527,77698,2519,77480,2511,77327,2506,77688,2518,77632,2516,77371,2508,77308,2506,77283,2505,76895,2492
E10000031,Warwickshire,County,1975.0763,607713,308,599115,303,589253,298,584155,296,578389,293,572303,290,566625,287,561471,284,557454,282,553178,280,550276,279,546554,277
E07000218,North Warwickshire,Non-metropolitan District,284.2614,65947,232,65338,230,64271,226,64383,226,64098,225,63517,223,62908,221,62681,221,62292,219,62057,218,62099,218,62089,218
E07000219,Nuneaton and Bedworth,Non-metropolitan District,78.9503,135499,1716,134303,1701,133688,1693,132953,1684,131830,1670,131138,1661,129899,1645,128588,1629,127980,1621,127275,1612,126438,1601,125409,1588
E07000220,Rugby,Non-metropolitan District,351.1133,116461,332,114835,327,112672,321,110998,316,109418,312,108671,310,107555,306,106327,303,104734,298,102851,293,101509,289,100496,286
E07000221,Stratford-on-Avon,Non-metropolitan District,977.8692,138573,142,135946,139,131979,135,129816,133,127565,130,125624,128,123729,127,122850,126,122142,125,121548,124,121005,124,120824,124
E07000222,Warwick,Non-metropolitan District,282.8821,151233,535,148693,526,146643,518,146005,516,145478,514,143353,507,142534,504,141025,499,140306,496,139447,493,139225,492,137736,487
E11000005,West Midlands (Met County),Metropolitan County,901.6396,2948513,3270,2918251,3237,2921476,3240,2921091,3240,2907123,3224,2889499,3205,2865850,3178,2831662,3141,2805420,3111,2781813,3085,2758833,3060,2739733,3039
E08000025,Birmingham,Metropolitan District,267.7912,1154221,4310,1143285,4269,1148692,4290,1150646,4297,1146050,4280,1139893,4257,1131271,4224,1114932,4163,1103724,4122,1094531,4087,1084661,4050,1074283,4012
E08000026,Coventry,Metropolitan District,98.6392,352889,3578,344151,3489,344702,3495,343715,3485,342811,3475,340034,3447,337064,3417,331112,3357,325066,3296,322146,3266,318141,3225,316915,3213
E08000027,Dudley,Metropolitan District,97.9582,324931,3317,323591,3303,322513,3292,322090,3288,320989,3277,319539,3262,317669,3243,316393,3230,315700,3223,314460,3210,313631,3202,313261,3198
E08000028,Sandwell,Metropolitan District,85.5588,344582,4027,341895,3996,341436,3991,340198,3976,336977,3939,333826,3902,330051,3858,325911,3809,321610,3759,317499,3711,312710,3655,309042,3612
E08000029,Solihull,Metropolitan District,178.282,217784,1222,216677,1215,216432,1214,216323,1213,214901,1205,214330,1202,213061,1195,211697,1187,211205,1185,209115,1173,207729,1165,206856,1160
E08000030,Walsall,Metropolitan District,103.9736,286218,2753,284392,2735,284578,2737,284600,2737,282921,2721,281229,2705,278429,2678,275490,2650,273764,2633,271704,2613,270517,2602,269524,2592
E08000031,Wolverhampton,Metropolitan District,69.4366,267888,3858,264260,3806,263123,3789,263519,3795,262474,3780,260648,3754,258305,3720,256127,3689,254351,3663,252358,3634,251444,3621,249852,3598
E10000034,Worcestershire,County,1740.5139,609323,350,604902,348,599819,345,598250,344,594992,342,592040,340,587962,338,582465,335,578732,333,573870,330,570119,328,566557,326
E07000234,Bromsgrove,Non-metropolitan District,216.9683,100155,462,99449,458,98837,456,98339,453,97315,449,96703,446,96254,444,95440,440,95380,440,94530,436,94179,434,93732,432
E07000235,Malvern Hills,Non-metropolitan District,577.071,81070,140,79969,139,78288,136,77872,135,77362,134,76696,133,76391,132,76024,132,76208,132,75454,131,75116,130,74706,129
E07000236,Redditch,Non-metropolitan District,54.2509,87129,1606,86981,1603,86561,1596,86307,1591,86186,1589,86463,1594,86432,1593,85866,1583,85266,1572,85072,1568,84667,1561,84318,1554
E07000237,Worcester,Non-metropolitan District,33.2781,104119,3129,103628,3114,104399,3137,105137,3159,105303,3164,105321,3165,104696,3146,103093,3098,102267,3073,101295,3044,100082,3007,98679,2965
E07000238,Wychavon,Non-metropolitan District,663.5418,134544,203,133084,201,130419,197,129003,194,127335,192,125694,189,123632,186,121990,184,120170,181,118841,179,117858,178,117074,176
E07000239,Wyre Forest,Non-metropolitan District,195.4038,102306,524,101791,521,101315,518,101592,520,101491,519,101163,518,100557,515,100052,512,99441,509,98678,505,98217,503,98048,502
E12000006,EAST,Region,19115.5915,6401418,335,6349646,332,6297779,329,6274179,328,6237376,326,6202843,324,6161075,322,6098262,319,6039521,316,5970484,312,5915033,309,5862418,307
E06000055,Bedford,Unitary Authority,476.4082,187503,394,185796,390,182346,383,180651,379,178288,374,175537,368,173703,365,170149,357,166856,350,163672,344,160344,337,157840,331
E06000056,Central Bedfordshire,Unitary Authority,715.6655,301820,422,295651,413,289105,404,284688,398,280414,392,277655,388,274909,384,270962,379,267066,373,263425,368,259524,363,255644,357
E06000032,Luton,Unitary Authority,43.3526,227298,5243,224958,5189,224132,5170,223106,5146,221532,5110,220752,5092,220952,5097,217612,5020,213749,4930,209624,4835,205873,4749,203641,4697
E06000031,Peterborough,Unitary Authority,343.3782,217657,634,216470,630,213718,622,213026,620,211037,615,208237,606,205091,597,200246,583,195766,570,192488,561,188675,549,184457,537
E06000033,Southend-on-Sea,Unitary Authority,41.6742,180884,4340,180655,4335,181276,4350,182115,4370,181877,4364,181405,4353,180465,4330,179203,4300,178610,4286,176350,4232,175196,4204,174274,4182
E06000034,Thurrock,Unitary Authority,163.8371,176788,1079,175933,1074,175803,1073,174924,1068,173113,1057,170966,1044,168977,1031,166622,1017,164451,1004,161702,987,160026,977,158268,966
E10000003,Cambridgeshire,County,3046.2357,690058,227,680747,223,671281,220,668649,220,665676,219,661465,217,657286,216,651011,214,643025,211,634996,208,628779,206,622312,204
E07000008,Cambridge,Non-metropolitan District,40.6989,147813,3632,145022,3563,143741,3532,143153,3517,141726,3482,138462,3402,136054,3343,133654,3284,130432,3205,127819,3141,124679,3063,122725,3015
E07000009,East Cambridgeshire,Non-metropolitan District,651.286,89438,137,88125,135,86948,134,87010,134,86885,133,87016,134,86952,134,86757,133,86316,133,85483,131,85101,131,84245,129
E07000010,Fenland,Non-metropolitan District,546.4502,103002,188,102731,188,102228,187,102487,188,102346,187,102029,187,101075,185,99991,183,98571,180,97556,179,96429,176,95461,175
E07000011,Huntingdonshire,Non-metropolitan District,906.176,184096,203,181827,201,177816,196,176968,195,176909,195,176743,195,176425,195,175647,194,174283,192,172540,190,171437,189,170039,188
E07000012,South Cambridgeshire,Non-metropolitan District,901.6246,165709,184,163042,181,160548,178,159031,176,157810,175,157215,174,156780,174,154962,172,153423,170,151598,168,151133,168,149842,166
E10000012,Essex,County,3458.4257,1519859,439,1506726,436,1495515,432,1489341,431,1478385,427,1469674,425,1460525,422,1447710,419,1436516,415,1418900,410,1407607,407,1396599,404
E07000066,Basildon,Non-metropolitan District,110.001,188810,1716,187718,1707,187796,1707,187714,1706,186668,1697,185299,1685,184651,1679,182734,1661,181317,1648,178944,1627,176622,1606,174971,1591
E07000067,Braintree,Non-metropolitan District,611.7079,157605,258,155693,255,154107,252,153439,251,152353,249,152422,249,151848,248,150908,247,150314,246,149285,244,148443,243,147514,241
E07000068,Brentwood,Non-metropolitan District,153.1241,77348,505,77111,504,77339,505,77231,504,76854,502,76950,503,77163,504,76690,501,76193,498,74912,489,74255,485,73841,482
E07000069,Castle Point,Non-metropolitan District,44.6735,89744,2009,89712,2008,89782,2010,89619,2006,89341,2000,89275,1998,89390,2001,88854,1989,88654,1984,88377,1978,88119,1973,87964,1969
E07000070,Chelmsford,Non-metropolitan District,338.758,183414,541,181827,537,180488,533,179882,531,178017,525,177102,523,175137,517,173397,512,172128,508,170481,503,169301,500,168491,497
E07000071,Colchester,Non-metropolitan District,328.2239,194648,593,192658,587,191979,585,190470,580,189101,576,187177,570,185361,565,183242,558,180414,550,177308,540,175840,536,173614,529
E07000072,Epping Forest,Non-metropolitan District,338.984,135009,398,134941,398,134569,397,134206,396,133373,393,132376,391,131587,388,130848,386,130040,384,128068,378,126599,373,124880,368
E07000073,Harlow,Non-metropolitan District,30.5379,94444,3093,93428,3059,92415,3026,91952,3011,90695,2970,89824,2941,88913,2912,87797,2875,86531,2834,84743,2775,83478,2734,82177,2691
E07000074,Maldon,Non-metropolitan District,357.8158,67568,189,66611,186,65090,182,64481,180,64015,179,63743,178,63319,177,62796,175,62807,176,62184,174,61942,173,61720,172
E07000075,Rochford,Non-metropolitan District,167.0927,87194,522,86181,516,85213,510,85290,510,85129,509,84672,507,84568,506,84291,504,84111,503,83372,499,83582,500,83333,499
E07000076,Tendring,Non-metropolitan District,336.3244,151400,450,148925,443,146255,435,145696,433,145128,432,144323,429,143023,425,141531,421,140275,417,138862,413,138278,411,138062,411
E07000077,Uttlesford,Non-metropolitan District,641.1825,92675,145,91921,143,90482,141,89361,139,87711,137,86511,135,85565,133,84622,132,83732,131,82364,128,81148,127,80032,125
E10000015,Hertfordshire,County,1643.0647,1205137,733,1200899,731,1198052,729,1193394,726,1188182,723,1185014,721,1180234,718,1167308,710,1156321,704,1143681,696,1131536,689,1119824,682
E07000095,Broxbourne,Non-metropolitan District,51.4422,98999,1924,99142,1927,99311,1931,98869,1922,98317,1911,98096,1907,98153,1908,97275,1891,96776,1881,95712,1861,94990,1847,93702,1822
E07000096,Dacorum,Non-metropolitan District,212.4762,156167,735,155211,730,154815,729,154367,727,153982,725,153282,721,152462,718,150906,710,149380,703,148057,697,146826,691,145298,684
E07000242,East Hertfordshire,Non-metropolitan District,475.6695,151717,319,150662,317,149027,313,147335,310,146048,307,145743,306,144801,304,143293,301,141915,298,140519,295,139256,293,138155,290
E07000098,Hertsmere,Non-metropolitan District,101.1281,108311,1071,108129,1069,107612,1064,107234,1060,106458,1053,105920,1047,105372,1042,104414,1032,103541,1024,102201,1011,101389,1003,100379,993
E07000099,North Hertfordshire,Non-metropolitan District,375.3821,134161,357,133583,356,133054,354,133195,355,133283,355,133629,356,133103,355,131662,351,131062,349,129460,345,128542,342,127494,340
E07000240,St Albans,Non-metropolitan District,161.2059,148524,921,148624,922,148555,922,148058,918,147552,915,147596,916,147823,917,146894,911,145938,905,144222,895,142616,885,141248,876
E07000243,Stevenage,Non-metropolitan District,25.9692,89616,3451,89360,3441,89755,3456,89541,3448,89310,3439,89099,3431,88466,3407,87482,3369,86719,3339,85974,3311,85052,3275,84247,3244
E07000102,Three Rivers,Non-metropolitan District,88.8242,94179,1060,93934,1058,93795,1056,93443,1052,93209,1049,93075,1048,92959,1047,91961,1035,90723,1021,89814,1011,89115,1003,87921,990
E07000103,Watford,Non-metropolitan District,21.4304,103043,4808,102507,4783,102322,4775,102172,4768,101658,4744,100957,4711,100458,4688,99449,4641,98101,4578,95732,4467,93066,4343,90653,4230
E07000241,Welwyn Hatfield,Non-metropolitan District,129.5369,120420,930,119747,924,119806,925,119180,920,118365,914,117617,908,116637,900,113972,880,112166,866,111990,865,110684,854,110727,855
E10000020,Norfolk,County,5383.5799,925695,172,918462,171,909883,169,906964,168,903527,168,898548,167,891150,166,882938,164,876986,163,870771,162,864776,161,859426,160
E07000143,Breckland,Non-metropolitan District,1305.1166,143459,110,142160,109,140408,108,139523,107,139146,107,138592,106,137190,105,135667,104,134204,103,132905,102,131701,101,131009,100
E07000144,Broadland,Non-metropolitan District,552.0608,133885,243,132238,240,130760,237,129721,235,128674,233,127708,231,126642,229,125837,228,125305,227,125081,227,124952,226,124740,226
E07000145,Great Yarmouth,Non-metropolitan District,174.3142,99834,573,100179,575,99851,573,100448,576,100343,576,100181,575,99471,571,99031,568,98520,565,98076,563,97682,560,97424,559
E07000146,King's Lynn and West Norfolk,Non-metropolitan District,1439.5227,155720,108,154920,108,153023,106,153332,107,153451,107,153666,107,152867,106,151863,105,150742,105,149722,104,148938,103,147936,103
E07000147,North Norfolk,Non-metropolitan District,965.9669,103223,107,103239,107,102064,106,102509,106,102523,106,102718,106,102176,106,101973,106,102012,106,101410,105,101445,105,101664,105
E07000148,Norwich,Non-metropolitan District,39.0222,144957,3715,143217,3670,143935,3689,143300,3672,143830,3686,142110,3642,141332,3622,138625,3552,137631,3527,136514,3498,134378,3444,132158,3387
E07000149,South Norfolk,Non-metropolitan District,907.5765,144617,159,142509,157,139842,154,138131,152,135560,149,133573,147,131472,145,129942,143,128572,142,127063,140,125680,138,124495,137
E10000029,Suffolk,County,3799.9697,768719,202,763349,201,756668,199,757321,199,755345,199,753590,198,747783,197,744501,196,740175,195,734875,193,732697,193,730133,192
E07000200,Babergh,Non-metropolitan District,593.7241,94287,159,92724,156,91491,154,90917,153,90456,152,89918,151,89584,151,89391,151,88999,150,88420,149,88144,148,87901,148
E07000244,East Suffolk,Non-metropolitan District,1260.9896,247083,196,246776,196,245482,195,245052,194,244313,194,243496,193,241807,192,240479,191,239929,190,239921,190,239607,190,239946,190
E07000202,Ipswich,Non-metropolitan District,39.5097,139295,3526,139638,3534,139889,3541,140809,3564,141643,3585,141922,3592,141245,3575,139694,3536,138108,3496,136760,3461,135694,3434,133729,3385
E07000203,Mid Suffolk,Non-metropolitan District,871.0708,105726,121,103398,119,101570,117,100840,116,99744,115,99263,114,98731,113,98760,113,98404,113,97636,112,97432,112,97076,111
E07000245,West Suffolk,Non-metropolitan District,1034.6755,182328,176,180813,175,178236,172,179703,174,179189,173,178991,173,176416,171,176177,170,174735,169,172138,166,171820,166,171481,166
E12000007,LONDON,Region,1572.0316,8869043,5642,8804769,5601,8867008,5640,8889743,5655,8833335,5619,8776229,5583,8743651,5562,8659545,5509,8547192,5437,8438987,5368,8320767,5293,8204407,5219
E09000007,Camden,London Borough,21.7895,217365,9976,210968,9682,214768,9856,217136,9965,217915,10001,218833,10043,221024,10144,221032,10144,221095,10147,221348,10158,219647,10080,220087,10101
E09000001,City of London,London Borough,2.8904,11457,3964,8689,3006,8331,2882,8765,3032,8165,2825,7877,2725,7737,2677,7668,2653,7567,2618,7537,2608,7514,2600,7412,2564
E09000012,Hackney,London Borough,19.0471,261632,13736,260082,13655,263782,13849,265825,13956,266210,13976,264834,13904,264892,13907,261929,13752,258735,13584,255646,13422,251193,13188,247182,12977
E09000013,Hammersmith and Fulham,London Borough,16.4036,185506,11309,183310,11175,186555,11373,188562,11495,189037,11524,187720,11444,187472,11429,187246,11415,186659,11379,186056,11342,184439,11244,182445,11122
E09000014,Haringey,London Borough,29.5985,262413,8866,264317,8930,269534,9106,273716,9248,274240,9265,274463,9273,276262,9334,272938,9221,268901,9085,265054,8955,259312,8761,255540,8634
E09000019,Islington,London Borough,14.8567,219594,14781,217050,14610,221018,14877,221994,14942,221453,14906,221535,14911,220620,14850,218255,14691,214986,14471,212604,14310,208762,14052,206285,13885
E09000020,Kensington and Chelsea,London Borough,12.1257,146392,12073,144266,11898,144874,11948,146805,12107,148471,12244,149651,12342,152708,12594,156149,12878,156178,12880,156823,12933,157240,12967,158251,13051
E09000022,Lambeth,London Borough,26.808,316700,11814,317691,11851,325527,12143,329513,12292,328923,12270,327227,12206,326613,12183,322881,12044,318196,11869,314375,11727,310449,11580,304481,11358
E09000023,Lewisham,London Borough,35.1483,299023,8507,300013,8536,304169,8654,305906,8703,303127,8624,300924,8562,298809,8501,295364,8403,291086,8282,286056,8139,281011,7995,276938,7879
E09000025,Newham,London Borough,36.198,357147,9866,351256,9704,350025,9670,349786,9663,344570,9519,338333,9347,335337,9264,330322,9125,322984,8923,316952,8756,313750,8668,310460,8577
E09000028,Southwark,London Borough,28.8765,311492,10787,306762,10623,312055,10807,312591,10825,310492,10752,307640,10654,306720,10622,304048,10529,299685,10378,297868,10315,293078,10149,288717,9998
E09000030,Tower Hamlets,London Borough,19.771,323854,16380,312715,15817,306780,15517,305066,15430,300050,15176,293526,14846,289011,14618,282674,14297,277060,14013,270294,13671,261936,13248,256012,12949
E09000032,Wandsworth,London Borough,34.257,329358,9614,328429,9587,333678,9740,334558,9766,331069,9664,329493,9618,326413,9528,322658,9419,319898,9338,316810,9248,312262,9115,307710,8982
E09000033,Westminster,London Borough,21.4771,209866,9772,205759,9580,205624,9574,208415,9704,209868,9772,210459,9799,213193,9927,215876,10051,214341,9980,215907,10053,219539,10222,219582,10224
E09000002,Barking and Dagenham,London Borough,36.1015,220039,6095,218714,6058,219227,6073,218828,6061,216298,5991,214017,5928,211047,5846,206450,5719,201244,5574,196204,5435,191453,5303,187029,5181
E09000003,Barnet,London Borough,86.7481,390346,4500,388955,4484,391046,4508,390590,4503,387574,4468,384117,4428,382925,4414,377826,4355,373853,4310,368611,4249,363260,4188,357538,4122
E09000004,Bexley,London Borough,60.5784,247754,4090,246637,4071,246924,4076,246622,4071,245244,4048,244494,4036,244006,4028,241427,3985,239112,3947,236169,3899,234435,3870,232774,3843
E09000005,Brent,London Borough,43.233,341183,7892,339248,7847,343988,7957,347424,8036,345558,7993,342439,7921,339524,7853,335605,7763,329981,7633,324345,7502,317984,7355,312245,7222
E09000006,Bromley,London Borough,150.1303,329689,2196,329899,2197,331247,2206,331192,2206,330367,2201,329134,2192,327701,2183,325653,2169,321800,2143,318582,2122,314663,2096,310554,2069
E09000008,Croydon,London Borough,86.4968,392610,4539,390691,4517,392101,4533,390643,4516,386999,4474,385567,4458,384382,4444,381277,4408,378244,4373,374270,4327,369617,4273,364815,4218
E09000009,Ealing,London Borough,55.5445,370129,6664,366762,6603,367936,6624,367284,6612,364208,6557,362670,6529,362163,6520,359144,6466,354660,6385,350650,6313,344834,6208,339314,6109
E09000010,Enfield,London Borough,80.8308,327426,4051,329876,4081,333149,4122,335151,4146,334000,4132,333077,4121,333295,4123,330868,4093,326340,4037,321754,3981,317780,3931,313935,3884
E09000011,Greenwich,London Borough,47.307,291879,6170,289537,6120,288384,6096,288205,6092,285773,6041,282376,5969,278768,5893,274230,5797,268305,5672,264036,5581,260360,5504,255483,5401
E09000015,Harrow,London Borough,50.4635,261933,5191,261159,5175,262281,5197,262065,5193,259861,5149,257881,5110,257317,5099,255308,5059,251618,4986,247018,4895,243800,4831,240499,4766
E09000016,Havering,London Borough,112.3414,264675,2356,262086,2333,261906,2331,261296,2326,259229,2308,257429,2291,254487,2265,250449,2229,246771,2197,242550,2159,239946,2136,237927,2118
E09000017,Hillingdon,London Borough,115.7005,310894,2687,305107,2637,306460,2649,305641,2642,302263,2612,299469,2588,297451,2571,294011,2541,290225,2508,285982,2472,281263,2431,275499,2381
E09000018,Hounslow,London Borough,55.9703,291199,5203,288164,5149,289773,5177,289652,5175,285430,5100,281117,5023,278601,4978,275097,4915,270773,4838,265547,4744,260584,4656,254927,4555
E09000021,Kingston upon Thames,London Borough,37.2652,169082,4537,167992,4508,169770,4556,169797,4556,168729,4528,168781,4529,168617,4525,167594,4497,165791,4449,164418,4412,162562,4362,160436,4305
E09000024,Merton,London Borough,37.6248,215121,5718,215426,5726,217101,5770,217219,5773,216171,5745,215431,5726,215514,5728,213791,5682,211025,5609,208529,5542,205166,5453,200543,5330
E09000026,Redbridge,London Borough,56.4035,311515,5523,310130,5498,311750,5527,311780,5528,308841,5476,305937,5424,304369,5396,301022,5337,295837,5245,289976,5141,285437,5061,281395,4989
E09000027,Richmond upon Thames,London Borough,57.3937,195165,3400,195315,3403,197797,3446,198185,3453,197119,3435,196849,3430,196293,3420,194966,3397,194492,3389,192375,3352,189934,3309,187527,3267
E09000029,Sutton,London Borough,43.8427,210293,4797,209617,4781,209921,4788,208516,4756,206286,4705,204824,4672,203299,4637,201208,4589,199144,4542,196678,4486,193982,4424,191123,4359
E09000031,Waltham Forest,London Borough,38.8082,276312,7120,278147,7167,279527,7203,281015,7241,279795,7210,278105,7166,277081,7140,274579,7075,270606,6973,267963,6905,263575,6792,259742,6693
E12000008,SOUTH EAST,Region,19071.8507,9387286,492,9295829,487,9225273,484,9193770,482,9150245,480,9105076,477,9053011,475,8969638,470,8893930,466,8809382,462,8731840,458,8652784,454
E06000036,Bracknell Forest,Unitary Authority,109.3843,127030,1161,125195,1145,123188,1126,121660,1112,121046,1107,120164,1099,119553,1093,119078,1089,117979,1079,116552,1066,115100,1052,113696,1039
E06000043,Brighton and Hove,Unitary Authority,82.833,278370,3361,276454,3337,278496,3362,279920,3379,281250,3395,279500,3374,279796,3378,277351,3348,275999,3332,275494,3326,274051,3308,272952,3295
E06000046,Isle of Wight,Unitary Authority,379.6199,140779,371,140885,371,140915,371,141764,373,141665,373,141277,372,139650,368,139316,367,138899,366,138146,364,138632,365,138392,365
E06000035,Medway,Unitary Authority,193.7142,282643,1459,279903,1445,280364,1447,279852,1445,278827,1439,278652,1438,277504,1433,276037,1425,273977,1414,271084,1399,268144,1384,264885,1367
E06000042,Milton Keynes,Unitary Authority,308.6265,292517,948,288312,934,283707,919,281434,912,278892,904,276588,896,274231,889,269783,874,264948,858,259672,841,254003,823,249895,810
E06000044,Portsmouth,Unitary Authority,40.3816,208949,5174,207119,5129,209142,5179,210412,5211,211215,5230,210965,5224,209951,5199,207873,5148,206200,5106,205905,5099,205729,5095,205433,5087
E06000038,Reading,Unitary Authority,40.3979,175742,4350,173371,4292,173879,4304,174288,4314,174484,4319,173047,4284,171750,4251,169220,4189,166300,4117,163089,4037,159065,3937,155339,3845
E06000039,Slough,Unitary Authority,32.5421,159387,4898,158448,4869,158281,4864,157632,4844,155915,4791,154573,4750,152565,4688,150104,4613,147313,4527,144880,4452,143095,4397,140713,4324
E06000045,Southampton,Unitary Authority,49.8807,252151,5055,247672,4965,248679,4985,249428,5000,250803,5028,250492,5022,248662,4985,244666,4905,241230,4836,239484,4801,238097,4773,235870,4729
E06000037,West Berkshire,Unitary Authority,704.1829,162397,231,161864,230,161026,229,160883,228,160953,229,160729,228,160551,228,158895,226,157663,224,156789,223,155172,220,154148,219
E06000040,Windsor and Maidenhead,Unitary Authority,196.5017,154869,788,153922,783,153991,784,153893,783,153470,781,152648,777,152085,774,150043,764,148936,758,147525,751,146642,746,145098,738
E06000041,Wokingham,Unitary Authority,178.969,181383,1013,178231,996,174708,976,171789,960,168734,943,165664,926,163797,915,161773,904,159576,892,158372,885,157038,877,154943,866
E06000060,Buckinghamshire,Unitary Authority,1564.9377,560688,358,555161,355,549066,351,545859,349,541983,346,538762,344,535519,342,529999,339,523613,335,517918,331,512105,327,506550,324
E10000011,East Sussex,County,1708.6319,551007,322,546861,320,544582,319,545261,319,544719,319,544697,319,543389,318,540620,316,537577,315,533183,312,530358,310,527209,309
E07000061,Eastbourne,Non-metropolitan District,44.1614,102364,2318,101601,2301,101984,2309,102754,2327,102544,2322,102964,2332,102610,2324,101996,2310,101328,2294,100662,2279,99990,2264,99308,2249
E07000062,Hastings,Non-metropolitan District,29.7964,90621,3041,90974,3053,91130,3058,91570,3073,91963,3086,92016,3088,92347,3099,91795,3081,91356,3066,90994,3054,90493,3037,90173,3026
E07000063,Lewes,Non-metropolitan District,292.107,100679,345,100166,343,100443,344,100813,345,100589,344,100434,344,100062,343,99717,341,99607,341,99215,340,98532,337,97584,334
E07000064,Rother,Non-metropolitan District,509.4414,94221,185,93409,183,92734,182,92581,182,92832,182,92904,182,92314,181,91751,180,91269,179,90487,178,90735,178,90729,178
E07000065,Wealden,Non-metropolitan District,833.1257,163122,196,160711,193,158291,190,157543,189,156791,188,156379,188,156056,187,155361,186,154017,185,151825,182,150608,181,149415,179
E10000014,Hampshire,County,3678.3567,1417257,385,1406110,382,1391311,378,1384378,376,1378177,375,1373783,373,1368397,372,1358341,369,1349948,367,1339946,364,1331572,362,1322118,359
E07000084,Basingstoke and Deane,Non-metropolitan District,633.8086,187870,296,185713,293,183125,289,181396,286,179828,284,179083,283,178352,281,176838,279,175144,276,173300,273,171272,270,168550,266
E07000085,East Hampshire,Non-metropolitan District,514.4274,127285,247,126192,245,123725,241,122154,237,120647,235,119451,232,118817,231,118760,231,118015,229,117343,228,116541,227,116010,226
E07000086,Eastleigh,Non-metropolitan District,79.6915,139056,1745,136963,1719,134090,1683,132175,1659,130517,1638,129386,1624,128808,1616,128283,1610,128255,1609,127248,1597,126483,1587,125852,1579
E07000087,Fareham,Non-metropolitan District,74.2526,114562,1543,114952,1548,114777,1546,114879,1547,115115,1550,115232,1552,115102,1550,114480,1542,114156,1537,113410,1527,113033,1522,111931,1507
E07000088,Gosport,Non-metropolitan District,25.3739,82277,3243,82169,3238,82588,3255,83022,3272,83700,3299,84246,3320,84476,3329,83834,3304,83569,3294,83015,3272,83063,3274,82669,3258
E07000089,Hart,Non-metropolitan District,215.2651,100912,469,100262,466,98299,457,97727,454,97022,451,96322,447,95560,444,94766,440,93941,436,93015,432,92354,429,91662,426
E07000090,Havant,Non-metropolitan District,55.7408,124839,2240,124467,2233,124018,2225,124099,2226,124100,2226,123836,2222,123043,2207,122189,2192,121514,2180,121105,2173,120964,2170,120783,2167
E07000091,New Forest,Non-metropolitan District,752.1755,175932,234,176217,234,175937,234,177111,235,177525,236,177616,236,177855,236,177813,236,177875,236,177362,236,177030,235,176789,235
E07000092,Rushmoor,Non-metropolitan District,39.0451,101003,2587,100096,2564,100140,2565,99756,2555,99372,2545,99590,2551,99385,2545,97682,2502,97064,2486,96344,2468,95581,2448,94354,2417
E07000093,Test Valley,Non-metropolitan District,627.6055,132924,212,131158,209,128858,205,127652,203,126474,202,125250,200,124155,198,122256,195,120478,192,119068,190,117462,187,116698,186
E07000094,Winchester,Non-metropolitan District,660.9707,130597,198,127921,194,125754,190,124407,188,123877,187,123771,187,122844,186,121440,184,119937,181,118736,180,117789,178,116820,177
E10000016,Kent,County,3544.3951,1594467,450,1578552,445,1567971,442,1562840,441,1552853,438,1542707,435,1531022,432,1517016,428,1506187,425,1490021,420,1478262,417,1466466,414
E07000105,Ashford,Non-metropolitan District,580.6174,135741,234,133221,229,131431,226,130466,225,129701,223,128049,221,126327,218,124580,215,123682,213,121850,210,120191,207,118405,204
E07000106,Canterbury,Non-metropolitan District,308.7527,158282,513,156631,507,157187,509,157109,509,157256,509,157944,512,157280,509,156143,506,155151,503,153475,497,151710,491,150600,488
E07000107,Dartford,Non-metropolitan District,72.7258,118810,1634,116819,1606,115572,1589,113928,1567,110818,1524,108372,1490,105905,1456,104379,1435,102765,1413,100756,1385,99064,1362,97604,1342
E07000108,Dover,Non-metropolitan District,315.3378,117546,373,116549,370,116134,368,115902,368,115148,365,114335,363,113365,360,112464,357,112541,357,111979,355,111529,354,111718,354
E07000112,Folkestone and Hythe,Non-metropolitan District,356.9211,110356,309,110040,308,109587,307,109659,307,109728,307,109095,306,109235,306,108327,304,108153,303,107899,302,108185,303,108199,303
E07000109,Gravesham,Non-metropolitan District,98.9913,106870,1080,106883,1080,107146,1082,107348,1084,106726,1078,106543,1076,106823,1079,106404,1075,105434,1065,103837,1049,103004,1041,101766,1028
E07000110,Maidstone,Non-metropolitan District,393.3293,180569,459,176697,449,173272,441,171816,437,169974,432,168115,427,165953,422,164112,417,161567,411,159308,405,157457,400,155764,396
E07000111,Sevenoaks,Non-metropolitan District,369.2308,121173,328,120823,327,120051,325,119575,324,119165,323,118489,321,118289,320,117735,319,117376,318,116696,316,116250,315,115351,312
E07000113,Swale,Non-metropolitan District,373.4366,154598,414,152218,408,150584,403,149753,401,148400,397,146846,393,145184,389,142723,382,140992,378,139135,373,137694,369,136324,365
E07000114,Thanet,Non-metropolitan District,103.6091,140683,1358,140658,1358,139945,1351,140624,1357,140848,1359,140680,1358,140373,1355,139668,1348,138695,1339,136916,1321,135730,1310,134402,1297
E07000115,Tonbridge and Malling,Non-metropolitan District,240.1145,133664,557,132363,551,131791,549,131502,548,130149,542,128680,536,127090,529,125712,524,124603,519,123006,512,122046,508,121087,504
E07000116,Tunbridge Wells,Non-metropolitan District,331.3287,116175,351,115650,349,115271,348,115158,348,114940,347,115559,349,115198,348,114769,346,115228,348,115164,348,115402,348,115246,348
E10000025,Oxfordshire,County,2604.9263,737795,283,726727,279,714766,274,708513,272,702259,270,696188,267,690541,265,682571,262,676621,260,669390,257,662243,254,654791,251
E07000177,Cherwell,Non-metropolitan District,588.7454,164189,279,161830,275,158435,269,156447,266,154367,262,152329,259,150819,256,148630,252,146636,249,145185,247,143519,244,142252,242
E07000178,Oxford,Non-metropolitan District,45.6027,162448,3562,160379,3517,160064,3510,160789,3526,161342,3538,160754,3525,160119,3511,158156,3468,157582,3456,154916,3397,152407,3342,150245,3295
E07000179,South Oxfordshire,Non-metropolitan District,678.4922,151845,224,150002,221,146844,216,144875,214,143019,211,142115,209,141511,209,140260,207,139186,205,137403,203,136267,201,134961,199
E07000180,Vale of White Horse,Non-metropolitan District,577.6639,142335,246,139400,241,136889,237,135040,234,132875,230,130701,226,128387,222,126165,218,124581,216,123441,214,122622,212,121891,211
E07000181,West Oxfordshire,Non-metropolitan District,714.4221,116978,164,115116,161,112534,158,111362,156,110656,155,110289,154,109705,154,109360,153,108636,152,108445,152,107428,150,105442,148
E10000030,Surrey,County,1662.5175,1217048,732,1205994,725,1195847,719,1192224,717,1186752,714,1185103,713,1182180,711,1174418,706,1166995,702,1156631,696,1145011,689,1135367,683
E07000207,Elmbridge,Non-metropolitan District,95.0521,140299,1476,139453,1467,138098,1453,137098,1442,136863,1440,136936,1441,136974,1441,136380,1435,135980,1431,134588,1416,132847,1398,131428,1383
E07000208,Epsom and Ewell,Non-metropolitan District,34.0791,81349,2387,81006,2377,81197,2383,80685,2368,80121,2351,79862,2343,79386,2329,78890,2315,78456,2302,77334,2269,76148,2234,75191,2206
E07000209,Guildford,Non-metropolitan District,270.9311,146378,540,144013,532,142732,527,142328,525,142384,526,143294,529,142891,527,141577,523,139706,516,138627,512,137893,509,137580,508
E07000210,Mole Valley,Non-metropolitan District,258.3213,87852,340,87599,339,86924,336,86762,336,87064,337,87296,338,87642,339,87459,339,87408,338,87233,338,86366,334,85637,332
E07000211,Reigate and Banstead,Non-metropolitan District,129.1439,153674,1190,151497,1173,149545,1158,149048,1154,147887,1145,146545,1135,145621,1128,144433,1118,143529,1111,141348,1095,140083,1085,138375,1071
E07000212,Runnymede,Non-metropolitan District,78.0407,89069,1141,87830,1125,87200,1117,86660,1110,85538,1096,84920,1088,84725,1086,83730,1073,82874,1062,82229,1054,81261,1041,80501,1032
E07000213,Spelthorne,Non-metropolitan District,44.888,103658,2309,103036,2295,102304,2279,102062,2274,101151,2253,100819,2246,100461,2238,99755,2222,99057,2207,98252,2189,97163,2165,95852,2135
E07000214,Surrey Heath,Non-metropolitan District,95.093,91266,960,90653,953,90457,951,90544,952,89550,942,89537,942,89397,940,88945,935,88437,930,87591,921,86985,915,86378,908
E07000215,Tandridge,Non-metropolitan District,248.1946,88884,358,88127,355,87248,352,86923,350,86525,349,86457,348,85901,346,85527,345,85121,343,84477,340,83527,337,83178,335
E07000216,Waverley,Non-metropolitan District,345.1702,130329,378,128880,373,126260,366,125691,364,125159,363,125138,363,124949,362,124436,361,123839,359,123121,357,122173,354,121754,353
E07000217,Woking,Non-metropolitan District,63.6035,104290,1640,103900,1634,103882,1633,104423,1642,104510,1643,104299,1640,104233,1639,103286,1624,102588,1613,101831,1601,100565,1581,99493,1564
E10000032,West Sussex,County,1991.0517,892807,448,885048,445,875354,440,871740,438,866248,435,859537,432,851868,428,842534,423,833969,419,825301,415,817521,411,808919,406
E07000223,Adur,Non-metropolitan District,42.0656,64725,1539,64632,1536,64550,1535,64580,1535,64230,1527,64144,1525,63947,1520,63808,1517,63525,1510,62850,1494,62158,1478,61334,1458
E07000224,Arun,Non-metropolitan District,220.991,166381,753,165219,748,163661,741,163310,739,162647,736,161338,730,159363,721,157474,713,155983,706,154034,697,152162,689,149811,678
E07000225,Chichester,Non-metropolitan District,786.195,126200,161,124517,158,123032,156,122815,156,122185,155,121442,154,119711,152,118447,151,116870,149,116120,148,115042,146,113995,145
E07000226,Crawley,Non-metropolitan District,44.9712,119700,2662,118607,2637,117793,2619,117144,2605,116472,2590,115083,2559,114243,2540,112952,2512,111522,2480,110190,2450,108974,2423,107053,2380
E07000227,Horsham,Non-metropolitan District,530.2785,148769,281,147500,278,144377,272,142932,270,141468,267,139862,264,138257,261,135832,256,134201,253,132807,250,132145,249,131540,248
E07000228,Mid Sussex,Non-metropolitan District,334.0295,155010,464,152919,458,150877,452,150027,449,148966,446,147679,442,147001,440,145684,436,144577,433,142951,428,141243,423,140188,420
E07000229,Worthing,Non-metropolitan District,32.5209,112022,3445,111654,3433,111064,3415,110932,3411,110280,3391,109989,3382,109346,3362,108337,3331,107291,3299,106349,3270,105797,3253,104998,3229
E12000009,SOUTH WEST,Region,23835.9571,5766937,242,5712822,240,5661990,238,5642792,237,5609701,235,5574666,234,5526982,232,5471487,230,5422159,227,5374783,225,5336343,224,5300831,222
E06000022,Bath and North East Somerset,Unitary Authority,345.8783,195988,567,192419,556,191974,555,190176,550,189489,548,186894,540,185507,536,182561,528,180065,521,178743,517,176598,511,175538,508
E06000058,"Bournemouth, Christchurch and Poole",Unitary Authority,162.07,402559,2484,400155,2469,399564,2465,400182,2469,400064,2468,399374,2464,397066,2450,392499,2422,389727,2405,385483,2378,382465,2360,379441,2341
E06000023,"Bristol, City of",Unitary Authority,109.6668,478636,4364,471285,4297,471851,4303,469920,4285,467026,4259,463113,4223,459588,4191,451790,4120,443834,4047,438984,4003,433264,3951,428074,3903
E06000052,Cornwall,Unitary Authority,3545.4344,575532,162,571948,161,565045,159,563695,159,559961,158,556921,157,551203,155,547334,154,543778,153,540061,152,537411,152,533760,151
E06000059,Dorset,Unitary Authority,2490.9567,383373,154,381245,153,377670,152,377699,152,375604,151,374675,150,372416,150,370728,149,368694,148,367651,148,366572,147,365897,147
E06000053,Isles of Scilly,Unitary Authority,16.3177,2281,140,2271,139,2030,124,2098,129,2166,133,2170,133,2236,137,2238,137,2188,134,2214,136,2249,138,2224,136
E06000024,North Somerset,Unitary Authority,373.7493,219165,586,217385,582,215850,578,215540,577,214360,574,213701,572,212660,569,210553,563,208617,558,206403,552,204465,547,203091,543
E06000026,Plymouth,Unitary Authority,79.8496,267063,3345,264768,3316,264830,3317,265041,3319,265689,3327,265294,3322,264440,3312,263088,3295,261980,3281,259549,3250,257886,3230,256589,3213
E06000025,South Gloucestershire,Unitary Authority,497.0508,295307,594,290886,585,287182,578,284563,573,281719,567,278379,560,275808,555,272189,548,269840,543,268167,540,265741,535,263417,530
E06000030,Swindon,Unitary Authority,230.0933,235652,1024,233760,1016,232574,1011,231934,1008,230174,1000,227680,990,224498,976,221805,964,218998,952,215994,939,212801,925,209709,911
E06000027,Torbay,Unitary Authority,62.8869,139409,2217,139440,2217,138695,2205,138754,2206,138100,2196,137329,2184,136172,2165,135052,2148,134217,2134,132920,2114,131806,2096,131193,2086
E06000054,Wiltshire,Unitary Authority,3255.338,516107,159,513240,158,507047,156,502985,155,498703,153,497177,153,492706,151,488377,150,484344,149,479505,147,476806,146,474319,146
E10000008,Devon,County,6563.8439,826108,126,814435,124,800796,122,796542,121,789834,120,783352,119,773800,118,766810,117,760234,116,754431,115,751136,114,747709,114
E07000040,East Devon,Non-metropolitan District,814.2384,154374,190,152065,187,148592,182,147346,181,145151,178,143284,176,140917,173,138588,170,136571,168,134763,166,134117,165,133272,164
E07000041,Exeter,Non-metropolitan District,47.0331,134811,2866,129527,2754,127345,2708,126312,2686,125758,2674,124817,2654,123347,2623,121583,2585,119789,2547,118994,2530,117980,2508,117063,2489
E07000042,Mid Devon,Non-metropolitan District,912.9008,83812,92,83171,91,82130,90,81434,89,80858,89,80054,88,79448,87,79167,87,78969,87,78572,86,78318,86,77936,85
E07000043,North Devon,Non-metropolitan District,1085.8924,100455,93,99398,92,97622,90,97325,90,96052,88,95356,88,94407,87,93859,86,93740,86,93610,86,93742,86,93976,87
E07000044,South Hams,Non-metropolitan District,886.5469,89808,101,89161,101,87371,99,86458,98,85874,97,85183,96,84554,95,84616,95,84221,95,83867,95,83523,94,83563,94
E07000045,Teignbridge,Non-metropolitan District,673.7596,135972,202,135189,201,133869,199,133965,199,132707,197,131572,195,129668,192,128566,191,127236,189,125754,187,124830,185,124271,184
E07000046,Torridge,Non-metropolitan District,983.8005,68664,70,68444,70,67631,69,67837,69,67787,69,67529,69,66512,68,65808,67,65306,66,64860,66,64688,66,63973,65
E07000047,West Devon,Non-metropolitan District,1159.6722,58212,50,57480,50,56236,48,55865,48,55647,48,55557,48,54947,47,54623,47,54402,47,54011,47,53938,47,53655,46
E10000013,Gloucestershire,County,2652.5321,652666,246,646485,244,640572,241,638676,241,634653,239,629712,237,624076,235,617671,233,611331,230,605213,228,601301,227,598289,226
E07000078,Cheltenham,Non-metropolitan District,46.596,119585,2566,118838,2550,118924,2552,119459,2564,119600,2567,119303,2560,118953,2553,117693,2526,117094,2513,116164,2493,116018,2490,115645,2482
E07000079,Cotswold,Non-metropolitan District,1164.5244,91360,78,91076,78,89824,77,89632,77,88814,76,87540,75,85994,74,85293,73,84656,73,83986,72,83483,72,83180,71
E07000080,Forest of Dean,Non-metropolitan District,525.902,87934,167,87114,166,86454,164,86274,164,86133,164,85557,163,85135,162,84335,160,83377,159,82672,157,82437,157,82200,156
E07000081,Gloucester,Non-metropolitan District,40.553,133530,3293,132564,3269,132112,3258,131776,3249,131320,3238,130898,3228,129716,3199,128032,3157,126167,3111,124947,3081,123467,3045,121921,3006
E07000082,Stroud,Non-metropolitan District,460.5423,123225,268,121493,264,119511,260,118832,258,118172,257,117613,255,117213,255,116770,254,115211,250,113895,247,113328,246,113074,246
E07000083,Tewkesbury,Non-metropolitan District,414.4144,97032,234,95400,230,93747,226,92703,224,90614,219,88801,214,87065,210,85548,206,84826,205,83549,202,82568,199,82269,199
E10000027,Somerset,County,3450.2893,577091,167,573100,166,566310,164,564987,164,562159,163,558895,162,554806,161,548792,159,544312,158,539465,156,535842,155,531581,154
E07000187,Mendip,Non-metropolitan District,739.4355,116924,158,116226,157,115262,156,114920,155,114434,155,113521,154,113196,153,112137,152,111176,150,110335,149,110014,149,109406,148
E07000188,Sedgemoor,Non-metropolitan District,564.2239,126502,224,125742,223,123997,220,123800,219,123426,219,122987,218,122193,217,120812,214,119660,212,117734,209,116297,206,114919,204
E07000246,Somerset West and Taunton,Non-metropolitan District,1187.5768,159359,134,157935,133,156355,132,156204,132,154996,131,153526,129,151672,128,149533,126,147986,125,146918,124,146227,123,145143,122
E07000189,South Somerset,Non-metropolitan District,959.0531,174306,182,173197,181,170696,178,170063,177,169303,177,168861,176,167745,175,166310,173,165490,173,164478,172,163304,170,162113,169
W92000004,WALES,Country,20736.518,3132676,151,3105633,150,3104483,150,3087732,149,3083840,149,3081366,149,3077165,148,3072739,148,3073788,148,3071058,148,3070928,148,3063758,148
W06000001,Isle of Anglesey,Unitary Authority,712.0651,69070,97,68937,97,68794,97,68278,96,68539,96,68617,96,68826,97,69415,97,69761,98,69880,98,69964,98,69913,98
W06000002,Gwynedd,Unitary Authority,2535.1434,117997,47,117072,46,118180,47,117584,46,118129,47,118881,47,118958,47,119632,47,119796,47,120403,47,121439,48,121523,48
W06000003,Conwy,Unitary Authority,1125.8225,114303,102,114788,102,114651,102,114196,101,114387,102,114855,102,115391,102,115380,102,115700,103,115313,102,115432,103,115326,102
W06000004,Denbighshire,Unitary Authority,836.9177,96602,115,96047,115,95558,114,94766,113,94596,113,94597,113,94723,113,94691,113,94670,113,94378,113,94119,112,93919,112
W06000005,Flintshire,Unitary Authority,439.8302,155334,353,155045,353,155004,352,154592,351,154587,351,154587,351,154166,351,153688,349,153439,349,152906,348,152660,347,152666,347
W06000006,Wrexham,Unitary Authority,503.7737,135389,269,135152,268,135980,270,135899,270,136244,270,135619,269,135354,269,135565,269,135983,270,135861,270,135589,269,135070,268
W06000023,Powys,Unitary Authority,5180.6708,133874,26,133521,26,132199,26,131556,25,131967,25,132460,26,132531,26,132945,26,132809,26,132719,26,133146,26,133071,26
W06000008,Ceredigion,Unitary Authority,1784.9806,71873,40,70676,40,71421,40,70639,40,71291,40,72220,40,72900,41,73724,41,75197,42,76087,43,76215,43,75293,42
W06000009,Pembrokeshire,Unitary Authority,1618.3444,124365,77,123633,76,122572,76,121432,75,121194,75,121382,75,121438,75,121721,75,122148,75,122302,76,122621,76,122613,76
W06000010,Carmarthenshire,Unitary Authority,2370.2764,189148,80,188172,79,187391,79,186125,79,185444,78,184984,78,184985,78,184404,78,184349,78,184252,78,184206,78,183961,78
W06000011,Swansea,Unitary Authority,377.6145,242039,641,237897,630,238992,633,238707,632,239184,633,239266,634,239300,634,239354,634,239228,634,239237,634,239197,633,238691,632
W06000012,Neath Port Talbot,Unitary Authority,441.2445,142204,322,141934,322,142308,323,141385,320,141342,320,141022,320,141000,320,139704,317,139439,316,139093,315,139694,317,139880,317
W06000013,Bridgend,Unitary Authority,250.7854,146135,583,145738,581,145434,580,144500,576,143583,573,143355,572,142887,570,142177,567,141333,564,140579,561,139985,558,139410,556
W06000014,Vale of Glamorgan,Unitary Authority,331.1487,133619,404,132491,400,131224,396,129802,392,129165,390,128377,388,127082,384,126261,381,126714,383,126458,382,126703,383,126679,383
W06000015,Cardiff,Unitary Authority,140.9144,371104,2634,359824,2553,360287,2557,357137,2534,355125,2520,354348,2515,352982,2505,351600,2495,350949,2491,349982,2484,348084,2470,345442,2451
W06000016,Rhondda Cynon Taf,Unitary Authority,424.1501,239235,564,237545,560,238039,561,237574,560,236685,558,236357,557,235567,555,235233,555,235284,555,235145,554,235271,555,234373,553
W06000024,Merthyr Tydfil,Unitary Authority,111.4462,58881,528,58869,528,59194,531,59255,532,59349,533,59337,532,59247,532,58922,529,58859,528,58791,528,58869,528,58851,528
W06000018,Caerphilly,Unitary Authority,277.3877,176131,635,175999,634,176805,637,176735,637,177277,639,177610,640,178013,642,178269,643,178513,644,178236,643,178563,644,178782,645
W06000019,Blaenau Gwent,Unitary Authority,108.728,66960,616,66989,616,67219,618,67382,620,67566,621,67829,624,68135,627,68395,629,68737,632,69186,636,69589,640,69812,642
W06000020,Torfaen,Unitary Authority,125.6984,92863,739,92454,736,92337,735,91685,729,91130,725,90638,721,90730,722,90844,723,90866,723,90842,723,91199,726,91190,725
W06000021,Monmouthshire,Unitary Authority,849.1441,93985,111,93163,110,92456,109,91730,108,91834,108,91791,108,92024,108,91867,108,91864,108,91822,108,91623,108,91508,108
W06000022,Newport,Unitary Authority,190.4312,161565,848,159687,839,158438,832,156773,823,155222,815,153234,805,150926,793,148948,782,148150,778,147586,775,146760,771,145785,766
